ust specify the columns you are\nsetting in the INSERT statement. All other columns will be\nset to their default values, or NULL. | \n \nREFERENCES (column_list) | Unused. | \n \nSELECT (column_list) | Read values in columns using the\nSELECT statement. You cannot access or query any columns for\nwhich you do not have SELECT privileges, including in WHERE,\nON, GROUP BY, and ORDER BY clauses. | \n \nUPDATE (column_list) | Update values in columns of existing\nrows using the UPDATE statement. UPDATE statements usually\ninclude a WHERE clause to update only certain rows. You must\nhave SELECT privileges on the table or the appropriate\ncolumns for the WHERE clause. | \n \nFunction Privileges\n \nPrivilege | Description | \n \nALTER ROUTINE | Change the characteristics of a stored\nfunction using the ALTER FUNCTION statement. | \n \nEXECUTE | Use a stored function. You need SELECT privileges\nfor any tables or columns accessed by the function. | \n \nGRANT OPTION | Grant function privileges. You can only grant\nprivileges that you have. | \n \nProcedure Privileges\n \nPrivilege | Description | \n \nALTER ROUTINE | Change the characteristics of a stored\nprocedure using the ALTER PROCEDURE statement. | \n \nEXECUTE | Execute a stored procedure using the CALL\nstatement. The privilege to call a procedure may allow you\nto perform actions you wouldn\'t otherwise be able to do,\nsuch as insert rows into a table. | \n \nGRANT OPTION | Grant procedure privileges. You can only\ngrant privileges that you have. | \n \nProxy Privileges\n \nPrivilege | Description | \n \nPROXY | Permits one user to be a proxy for another. | \n \nThe PROXY privilege allows one user to proxy as another\nuser, which means their privileges change to that of the\nproxy user, and the CURRENT_USER() function returns the user\nname of the proxy user.\n \nThe PROXY privilege only works with authentication plugins\nthat support it. The default mysql_native_password\nauthentication plugin does not support proxy users.\n \nThe pam authentication plugin is the only plugin included\nwith MariaDB that currently supports proxy users. The PROXY\nprivilege is commonly used with the pam authentication\nplugin to enable user and group mapping with PAM.\n \nFor example, to grant the PROXY privilege to an anonymous\naccount that authenticates with the pam authentication\nplugin, you could execute the following:\n \nCREATE USER \'dba\'@\'%\' IDENTIFIED BY \'strongpassword\';\n \nGRANT ALL PRIVILEGES ON *.* TO \'dba\'@\'%\' ;\n \nCREATE USER \'\'@\'%\' IDENTIFIED VIA pam USING \'mariadb\';\n \nGRANT PROXY ON \'dba\'@\'%\' TO \'\'@\'%\';\n \nA user account can only grant the PROXY privilege for a\nspecific user account if the granter also has the PROXY\nprivilege for that specific user account, and if that\nprivilege is defined WITH GRANT OPTION. For example, the\nfollowing example fails because the granter does not have\nthe PROXY privilege for that specific user account at all:\n \nSELECT USER(), CURRENT_USER();\n+-----------------+-----------------+\n| USER() | CURRENT_USER() |\n+-----------------+-----------------+\n| alice@localhost | alice@localhost |\n+-----------------+-----------------+\n \nSHOW GRANTS;\n \n+-----------------------------------------------------------------------------------------------------------------------+\n| Grants for alice@localhost |\n+-----------------------------------------------------------------------------------------------------------------------+\n| GRANT ALL PRIVILEGES ON *.* TO \'alice\'@\'localhost\'\nIDENTIFIED BY PASSWORD\n\'*2470C0C06DEE42FD1618BB99005ADCA2EC9D1E19\' |\n+-----------------------------------------------------------------------------------------------------------------------+\n \nGRANT PROXY ON \'dba\'@\'localhost\' TO\n\'bob\'@\'localhost\';\n \nERROR 1698 (28000): Access denied for user\n\'alice\'@\'localhost\'\n \nAnd the following example fails because the granter does\nhave the PROXY privilege for that specific user account, but\nit is not defined WITH GRANT OPTION:\n \nSELECT USER(), CURRENT_USER();\n+-----------------+-----------------+\n| USER() | CURRENT_USER() |\n+-----------------+-----------------+\n| alice@localhost | alice@localhost |\n+-----------------+-----------------+\n \nSHOW GRANTS;\n \n+-----------------------------------------------------------------------------------------------------------------------+\n| Grants for alice@localhost |\n+-----------------------------------------------------------------------------------------------------------------------+\n| GRANT ALL PRIVILEGES ON *.* TO \'alice\'@\'localhost\'\nIDENTIFIED BY PASSWORD\n\'*2470C0C06DEE42FD1618BB99005ADCA2EC9D1E19\' |\n| GRANT PROXY ON \'dba\'@\'localhost\' TO\n\'alice\'@\'localhost\' |\n+-----------------------------------------------------------------------------------------------------------------------+\n \nMariaDB [(none)]> GRANT PROXY ON \'dba\'@\'localhost\' TO\n\'bob\'@\'localhost\';\n \nERROR 1698 (28000): Access denied for user\n\'alice\'@\'localhost\'\n \nBut the following example succeeds because the granter does\nhave the PROXY privilege for that specific user account, and\nit is defined WITH GRANT OPTION:\n \nSELECT USER(), CURRENT_USER();\n+-----------------+-----------------+\n| USER() | CURRENT_USER() |\n+-----------------+-----------------+\n| alice@localhost | alice@localhost |\n+-----------------+-----------------+\n \nSHOW GRANTS;\n \n+-----------------------------------------------------------------------------------------------------------------------------------------+\n| Grants for alice@localhost |\n+-----------------------------------------------------------------------------------------------------------------------------------------+\n| GRANT ALL PRIVILEGES ON *.* TO \'alice\'@\'localhost\'\nIDENTIFIED BY PASSWORD\n\'*2470C0C06DEE42FD1618BB99005ADCA2EC9D1E19\' WITH GRANT\nOPTION |\n| GRANT PROXY ON \'dba\'@\'localhost\' TO\n\'alice\'@\'localhost\' WITH GRANT OPTION |\n+-----------------------------------------------------------------------------------------------------------------------------------------+\n \nGRANT PROXY ON \'dba\'@\'localhost\' TO\n\'bob\'@\'localhost\';\n \nQuery OK, 0 rows affected (0.004 sec)\n \nA user account can grant the PROXY privilege for any other\nuser account if th','','https://mariadb.com/kb/en/grant/');
update help_topic set description = CONCAT(description, 'e granter has the PROXY privilege for the\n\'\'@\'%\' anonymous user account, like this:\n \nGRANT PROXY ON \'\'@\'%\' TO \'dba\'@\'localhost\' WITH\nGRANT OPTION;\n \nFor example, the following example succeeds because the user\ncan grant the PROXY privilege for any other user account:\n \nSELECT USER(), CURRENT_USER();\n+-----------------+-----------------+\n| USER() | CURRENT_USER() |\n+-----------------+-----------------+\n| alice@localhost | alice@localhost |\n+-----------------+-----------------+\n \nSHOW GRANTS;\n \n+-----------------------------------------------------------------------------------------------------------------------------------------+\n| Grants for alice@localhost |\n+-----------------------------------------------------------------------------------------------------------------------------------------+\n| GRANT ALL PRIVILEGES ON *.* TO \'alice\'@\'localhost\'\nIDENTIFIED BY PASSWORD\n\'*2470C0C06DEE42FD1618BB99005ADCA2EC9D1E19\' WITH GRANT\nOPTION |\n| GRANT PROXY ON \'\'@\'%\' TO \'alice\'@\'localhost\' WITH\nGRANT OPTION |\n+-----------------------------------------------------------------------------------------------------------------------------------------+\n \nGRANT PROXY ON \'app1_dba\'@\'localhost\' TO\n\'bob\'@\'localhost\';\n \nQuery OK, 0 rows affected (0.004 sec)\n \nGRANT PROXY ON \'app2_dba\'@\'localhost\' TO\n\'carol\'@\'localhost\';\n \nQuery OK, 0 rows affected (0.004 sec)\n \nThe default root user accounts created by mysql_install_db\nhave this privilege. For example:\n \nGRANT ALL PRIVILEGES ON *.* TO \'root\'@\'localhost\' WITH\nGRANT OPTION;\n \nGRANT PROXY ON \'\'@\'%\' TO \'root\'@\'localhost\' WITH\nGRANT OPTION;\n \nThis allows the default root user accounts to grant the\nPROXY privilege for any other user account, and it also\nallows the default root user accounts to grant others the\nprivilege to do the same.\n \nAuthentication Options\n \nThe authentication options for the GRANT statement are the\nsame as those for the CREATE USER statement.\n \nIDENTIFIED BY \'password\'\n \nThe optional IDENTIFIED BY clause can be used to provide an\naccount with a password. The password should be specified in\nplain text. It will be hashed by the PASSWORD function prior\nto being stored to the mysql.user table.\n \nFor example, if our password is mariadb, then we can create\nthe user with:\n \nGRANT USAGE ON *.* TO foo2@test IDENTIFIED BY \'mariadb\';\n \nIf you do not specify a password with the IDENTIFIED BY\nclause, the user\nwill be able to connect without a password. A blank password\nis not a wildcard\nto match any password. The user must connect without\nproviding a password if no\npassword is set.\n \nIf the user account already exists and if you provide the\nIDENTIFIED BY clause, then the user\'s password will be\nchanged. You must have the privileges needed for the SET\nPASSWORD\nstatement to change a user\'s password with GRANT.\n \nThe only authentication plugins that this clause supports\nare mysql_native_password and mysql_old_password.\n \nIDENTIFIED BY PASSWORD \'password_hash\'\n \nThe optional IDENTIFIED BY PASSWORD clause can be used to\nprovide an account with a password that has already been\nhashed. The password should be specified as a hash that was\nprovided by the PASSWORD function. It will be stored to the\nmysql.user table as-is.\n \nFor example, if our password is mariadb, then we can find\nthe hash with:\n \nSELECT PASSWORD(\'mariadb\');\n+-------------------------------------------+\n| PASSWORD(\'mariadb\') |\n+-------------------------------------------+\n| *54958E764CE10E50764C2EECBB71D01F08549980 |\n+-------------------------------------------+\n1 row in set (0.00 sec)\n \nAnd then we can create a user with the hash:\n \nGRANT USAGE ON *.* TO foo2@test IDENTIFIED BY PASSWORD\n\'*54958E764CE10E50764C2EECBB71D01F08549980\';\n \nIf you do not specify a password with the IDENTIFIED BY\nclause, the user\nwill be able to connect without a password. A blank password\nis not a wildcard\nto match any password. The user must connect without\nproviding a password if no\npassword is set.\n \nIf the user account already exists and if you provide the\nIDENTIFIED BY clause, then the user\'s password will be\nchanged. You must have the privileges needed for the SET\nPASSWORD\nstatement to change a user\'s password with GRANT.\n \nThe only authentication plugins that this clause supports\nare mysql_native_password and mysql_old_password.\n \nIDENTIFIED {VIA|WITH} authentication_plugin\n \nThe optional IDENTIFIED VIA authentication_plugin allows you\nto specify that the account should be authenticated by a\nspecific authentication plugin. The plugin name must be an\nactive authentication plugin as per SHOW PLUGINS. If it\ndoesn\'t show up in that output, then you will need to\ninstall it with INSTALL PLUGIN or INSTALL SONAME.\n \nFor example, this could be used with the PAM authentication\nplugin:\n \nGRANT USAGE ON *.* TO foo2@test IDENTIFIED VIA pam;\n \nSome authentication plugins allow additional arguments to be\nspecified after a USING or AS keyword. For example, the PAM\nauthentication plugin accepts a service name:\n \nGRANT USAGE ON *.* TO foo2@test IDENTIFIED VIA pam USING\n\'mariadb\';\n \nThe exact meaning of the additional argument would depend on\nthe specific authentication plugin.\n \nThe USING or AS keyword can also be used to provide a\nplain-text password to a plugin if it\'s provided as an\nargument to the PASSWORD() function. This is only valid for\nauthentication plugins that have implemented a hook for the\nPASSWORD() function. For example, the ed25519 authentication\nplugin supports this:\n \nCREATE USER safe@\'%\' IDENTIFIED VIA ed25519 USING\nPASSWORD(\'secret\');\n \nOne can specify many authentication plugins, they all works\nas alternatives ways of authenticating a user:\n \nCREATE USER safe@\'%\' IDENTIFIED VIA ed25519 USING\nPASSWORD(\'secret\') OR unix_socket;\n \nResource Limit Options\n \nMariaDB 10.2.0 introduced a number of resource limit\noptions.\n \nIt is possible to set per-account limits for certain server\nresources. The following table shows the values that can be\nset per account:\n \nLimit Type | Decription | \n \nMAX_QUERIES_PER_HOUR | Number of statements that the account\ncan issue per hour (including updates) | \n \nMAX_UPDATES_PER_HOUR | Number of updates (not queries) that\nthe account can issue per hour | \n \nMAX_CONNECTIONS_PER_HOUR | Number of connections that the\naccount can start per hour | \n \nMAX_USER_CONNECTIONS | Number of simultaneous connections\nthat can be accepted from the same account; if it is 0,\nmax_connections will be used instead; if max_connections is\n0, there is no limit for this account\'s simultaneous\nconnections. | \n \nMAX_STATEMENT_TIME | Timeout, in seconds, for statements\nexecuted by the user. See also Aborting Statements that\nExceed a Certain Time to Execute. | \n \nIf any of these limits are set to 0, then there is no limit\nfor that resource for that user.\n \nTo set resource limits for an account, if you do not want to\nchange that account\'s privileges, you can issue a GRANT\nstatement with the USAGE privilege, which has no meaning.\nThe statement can name some or all limit types, in any\norder.\n \nHere is an example showing how to set resource limits:\n \nGRANT USAGE ON *.* TO \'someone\'@\'localhost\' WITH\n MAX_USER_CONNECTIONS 0\n MAX_QUERIES_PER_HOUR 200;\n \nThe resources are tracked per account, which means\n\'user\'@\'server\'; not per user name or per connection.\n \nThe count can be reset for all users using FLUSH\nUSER_RESOURCES, FLUSH PRIVILEGES or mysqladmin reload.\n \nPer account resource limits are stored in the user table, in\nthe mysql database. Columns used for resources limits are\nnamed max_questions, max_updates, max_connections (for\nMAX_CONNECTIONS_PER_HOUR), and max_user_connections (for\nMAX_USER_CONNECTIONS).\n \nTLS Options\n \nBy default, MariaDB transmits data between the server and\nclients without encrypting it. This is generally acceptable\nwhen the server and client run on the same host or in\nnetworks where security is guaranteed through other means.\nHowever, in cases where the server and client exist on\nseparate networks or they are in a high-risk network, the\nlack of encryption does introduce security concerns as a\nmalicious actor could potentially eavesdrop on the traffic\nas it is sent over the network between them.\n \nTo mitigate this concern, MariaDB allows you to encrypt data\nin transit between the server and clients using the\nTransport Layer Security (TLS) protocol. TLS was formerly\nknown as Secure Socket Layer (SSL), but strictly speaking\nthe SSL protocol is a predecessor to TLS and, that version\nof the protocol is now considered insecure. The\ndocumentation still uses the term SSL often and for\ncompatibility reasons TLS-related server system and status\nvariables still use the prefix ssl_, but internally, MariaDB\nonly supports its secure successors.\n \nSee Secure Connections Overview for more information about\nhow to determine whether your MariaDB server has TLS\nsupport.\n \nYou can set certain TLS-related restrictions for specific\nuser accounts. For instance, you might use this with user\naccounts that require access to sensitive data while sending\nit across networks that you do not control. These\nrestrictions can be enabled for a user account with the\nCREATE USER, ALTER USER, or GRANT statements. The following\noptions are available:\n \nOption | Description | \n \nREQUIRE NONE | TLS is not required for this account, but can\nstill be used. | \n \nREQUIRE SSL | The account must use TLS, but no valid X509\ncertificate is required. This option cannot be combined with\nother TLS options. | \n \nREQUIRE X509 | The account must use TLS and must have a\nvalid X509 certificate. This option implies REQUIRE SSL.\nThis option cannot be combined with other TLS options. | \n \nREQUIRE ISSUER \'issuer\' | The account must use TLS and\nmust have a valid X509 certificate. Also, the Certificate\nAuthority must be the one specified via the string issuer.\nThis option implies REQUIRE X509. This option can be\ncombined with the SUBJECT, and CIPHER options in any order.\n| \n \nREQUIRE SUBJECT \'subject\' | The account must use TLS and\nmust have a valid X509 certificate. Also, the certificate\'s\nSubject must be the one specified via the string subject.\nThis option implies REQUIRE X509. This option can be\ncombined with the ISSUER, and CIPHER options in any order. |\n\n \nREQUIRE CIPHER \'cipher\' | The account must use TLS, but no\nvalid X509 certificate is required. Also, the encryption\nused for the connection must use one of the methods\nspecified in the string cipher. This option implies REQUIRE\nSSL. This option can be combined with the ISSUER, and\nSUBJECT options in any order. | \n \nThe REQUIRE keyword must be used only once for all specified\noptions, and the AND keyword can be used to separate\nindividual options, but it is not required.\n \nFor example, you can create a user account that requires\nthese TLS options with the following:\n \nGRANT USAGE ON *.* TO \'alice\'@\'%\'\n REQUIRE SUBJECT \'/CN=alice/O=My Dom,\nInc./C=US/ST=Oregon/L=Portland\'\n AND ISSUER \'/C=FI/ST=Somewhere/L=City/ O=Some\nCompany/CN=Peter Parker/emailAddress=p.parker@marvel.com\'\n AND CIPHER \'TLSv1.2\';\n \nIf any of these options are set for a specific user account,\nthen any client who tries to connect with that user account\nwill have to be configured to connect with TLS.\n \nSee Securing Connections for Client and Server for\ninformation on how to enable TLS on the client and server.\n \nRoles\n \nRoles were introduced in MariaDB 10.0.5.\n \nSyntax\n------ \nGRANT role TO grantee [, grantee2 ... ]\n[ WITH ADMIN OPTION ]\n \nThe GRANT statement is also used to grant the use a role to\none or more users or other roles. In order to be able to\ngrant a role, the grantor doing so must have permission to\ndo so (see WITH ADMIN in the CREATE ROLE article).\n \nSpecifying the WITH ADMIN OPTION permits the grantee to in\nturn grant the role to another.\n \nFor example, the following commands show how to grant the\nsame role to a couple different users.\n \nGRANT journalist TO hulda;\n \nGRANT journalist TO berengar WITH ADMIN OPTION;\n \nIf a user has been granted a role, they do not automatically\nobtain all permissions associated with that role. These\npermissions are only in use when the user activates the role\nwith the SET ROLE statement.\n \nGrant Examples\n \nGranting Root-like Privileges\n \nYou can create a user that has privileges similar to the\ndefault root accounts by executing the following:\n \nCREATE USER \'alexander\'@\'localhost\';\n \nGRANT ALL PRIVILEGES ON *.* to \'alexander\'@\'localhost\'\nWITH GRANT OPTION;\n \n\n\nURL: https://mariadb.com/kb/en/grant/') WHERE help_topic_id = 121;
insert into help_topic (help_topic_id,help_category_id,name,description,example,url) values (122,10,'User Password Expiry','User password expiry was introduced in MariaDB 10.4.3.\n \nPassword expiry permits administrators to expire user\npasswords, either manually or automatically. \n \nSystem Variables\n \nThere are two system variables which affect password expiry:\ndefault_password_lifetime, which determines the amount of\ntime between requiring the user to change their password. 0,\nthe default, means automatic password expiry is not active.\n \nThe second variable, disconnect_on_expired_password\ndetermines whether a client is permitted to connect if their\npassword has expired, or whether they are permitted to\nconnect in sandbox mode, able to perform a limited subset of\nqueries related to resetting the password, in particular SET\nPASSWORD and SET.\n \nSetting a Password Expiry Limit for a User\n \nBesides automatic password expiry, as determined by\ndefault_password_lifetime, password expiry times can be set\non an individual user basis, overriding the global using the\nCREATE USER or ALTER USER statements, for example:\n \nCREATE USER \'monty\'@\'localhost\' PASSWORD EXPIRE INTERVAL\n120 DAY;\n \nALTER USER \'monty\'@\'localhost\' PASSWORD EXPIRE INTERVAL\n120 DAY;\n \nLimits can be disabled by use of the NEVER keyword, for\nexample:\n \nCREATE USER \'monty\'@\'localhost\' PASSWORD EXPIRE NEVER;\n \nALTER USER \'monty\'@\'localhost\' PASSWORD EXPIRE NEVER;\n \nA manually set limit can be restored the system default by\nuse of DEFAULT, for example:\n \nCREATE USER \'monty\'@\'localhost\' PASSWORD EXPIRE DEFAULT;\n \nALTER USER \'monty\'@\'localhost\' PASSWORD EXPIRE DEFAULT;\n \nSHOW CREATE USER\n \nThe SHOW CREATE USER statement will display information\nabout the password expiry status of the user. Unlike MySQL,\nit will not display if the user is unlocked, or if the\npassword expiry is set to default.\n \nCREATE USER \'monty\'@\'localhost\' PASSWORD EXPIRE INTERVAL\n120 DAY;\n \nCREATE USER \'konstantin\'@\'localhost\' PASSWORD EXPIRE\nNEVER;\n \nCREATE USER \'amse\'@\'localhost\' PASSWORD EXPIRE DEFAULT;\n \nSHOW CREATE USER \'monty\'@\'localhost\';\n \n+------------------------------------------------------------------+\n| CREATE USER for monty@localhost |\n+------------------------------------------------------------------+\n| CREATE USER \'monty\'@\'localhost\' PASSWORD EXPIRE\nINTERVAL 120 DAY |\n+------------------------------------------------------------------+\n \nSHOW CREATE USER \'konstantin\'@\'localhost\';\n \n+------------------------------------------------------------+\n| CREATE USER for konstantin@localhost |\n+------------------------------------------------------------+\n| CREATE USER \'konstantin\'@\'localhost\' PASSWORD EXPIRE\nNEVER |\n+------------------------------------------------------------+\n \nSHOW CREATE USER \'amse\'@\'localhost\';\n \n+--------------------------------+\n| CREATE USER for amse@localhost |\n+--------------------------------+\n| CREATE USER \'amse\'@\'localhost\' |\n+--------------------------------+\n \n--connect-expired-password Client Option\n \nThe mysql client --connect-expired-password option notifies\nthe server that the client is prepared to handle expired\npassword sandbox mode (even if the --batch option was\nspecified).\n \n\n \n \n \n \n \n \n \n\nURL: https://mariadb.com/kb/en/user-password-expiry/','','https://mariadb.com/kb/en/user-password-expiry/');
insert into help_topic (help_topic_id,help_category_id,name,description,example,url) values (123,10,'RENAME USER','Syntax\n------ \nRENAME USER old_user TO new_user\n [, old_user TO new_user] ...\n \nDescription\n----------- \nThe RENAME USER statement renames existing MariaDB accounts.\nTo use it,\nyou must have the global CREATE USER privilege\nor the UPDATE privilege for the mysql database.\nEach account is named using the same format as for the\nCREATE USER\nstatement; for example, \'jeffrey\'@\'localhost\'.\nIf you specify only the user name part of the account name,\na host\nname part of \'%\' is used.\n \nIf any of the old user accounts do not exist or any of the\nnew user accounts already\nexist, ERROR 1396 (HY000) results. If an error occurs,\nRENAME USER\nwill still rename the accounts that do not result in an\nerror.\n \nExamples\n-------- \nCREATE USER \'donald\', \'mickey\';\n \nRENAME USER \'donald\' TO \'duck\'@\'localhost\', \'mickey\'\nTO \'mouse\'@\'localhost\';\n \n\n \n \n \n \n \n \n \n \n\nURL: https://mariadb.com/kb/en/rename-user/','','https://mariadb.com/kb/en/rename-user/');
insert into help_topic (help_topic_id,help_category_id,name,description,example,url) values (124,10,'REVOKE','Privileges\n \nSyntax\n------ \nREVOKE \n priv_type [(column_list)]\n [, priv_type [(column_list)]] ...\n ON [object_type] priv_level\n FROM user [, user] ...\n \nREVOKE ALL PRIVILEGES, GRANT OPTION\n FROM user [, user] ...\n \nDescription\n----------- \nThe REVOKE statement enables system administrators to revoke\nprivileges (or roles - see section below) from MariaDB\naccounts. Each account is named using the same format\nas for the GRANT statement; for example,\n\'jeffrey\'@\'localhost\'. If you specify only the user name\npart\nof the account name, a host name part of \'%\' is used. For\ndetails on the levels at which privileges exist, the\nallowable\npriv_type and priv_level values, and the\nsyntax for specifying users and passwords, see GRANT.\n \nTo use the first REVOKE syntax, you must have the\nGRANT OPTION privilege, and you must have the privileges\nthat\nyou are revoking.\n \nTo revoke all privileges, use the second syntax, which drops\nall\nglobal, database, table, column, and routine privileges for\nthe named\nuser or users:\n \nREVOKE ALL PRIVILEGES, GRANT OPTION FROM user [, user] ...\n \nTo use this REVOKE syntax, you must have the global\nCREATE USER privilege or the\nUPDATE privilege for the mysql database. See\nGRANT.\n \nExamples\n-------- \nREVOKE SUPER ON *.* FROM \'alexander\'@\'localhost\';\n \nRoles\n \nRoles were introduced in MariaDB 10.0.5.\n \nSyntax\n------ \nREVOKE role [, role ...]\n FROM grantee [, grantee2 ... ]\n \nDescription\n----------- \nREVOKE is also used to remove a role from a user or another\nrole that it\'s previously been assigned to. If a role has\npreviously been set as a default role, REVOKE does not\nremove the record of the default role from the mysql.user\ntable. If the role is subsequently granted again, it will\nagain be the user\'s default. Use SET DEFAULT ROLE NONE to\nexplicitly remove this.\n \nBefore MariaDB 10.1.13, the REVOKE role statement was not\npermitted in prepared statements.\n \nExample\n \nREVOKE journalist FROM hulda\n \n\n \n \n \n \n \n \n \n\nURL: https://mariadb.com/kb/en/revoke/','','https://mariadb.com/kb/en/revoke/');
insert into help_topic (help_topic_id,help_category_id,name,description,example,url) values (125,10,'SET PASSWORD','Syntax\n------ \nSET PASSWORD [FOR user] =\n {\n PASSWORD(\'some password\')\n | OLD_PASSWORD(\'some password\')\n | \'encrypted password\'\n }\n \nDescription\n----------- \nThe SET PASSWORD statement assigns a password to an existing\nMariaDB user\naccount.\n \nIf the password is specified using the PASSWORD() or\nOLD_PASSWORD()\nfunction, the literal text of the password should be given.\nIf the\npassword is specified without using either function, the\npassword\nshould be the already-encrypted password value as returned\nby\nPASSWORD().\n \nOLD_PASSWORD() should only be used if your MariaDB/MySQL\nclients are very old (< 4.0.0).\n \nWith no FOR clause, this statement sets the password for the\ncurrent\nuser. Any client that has connected to the server using a\nnon-anonymous\naccount can change the password for that account.\n \nWith a FOR clause, this statement sets the password for a\nspecific\naccount on the current server host. Only clients that have\nthe UPDATE\nprivilege for the mysql database can do this. The user value\nshould be\ngiven in user_name@host_name format, where user_name and\nhost_name are\nexactly as they are listed in the User and Host columns of\nthe\nmysql.user table entry. \n \nThe argument to PASSWORD() and the password given to MariaDB\nclients can be of arbitrary length.\n \nAuthentication Plugin Support\n \nIn MariaDB 10.4 and later, SET PASSWORD (with or without\nPASSWORD()) works for accounts authenticated via any\nauthentication plugin that supports passwords stored in the\nmysql.global_priv table.\n \nThe ed25519, mysql_native_password, and mysql_old_password\nauthentication plugins store passwords in the\nmysql.global_priv table.\n \nIf you run SET PASSWORD on an account that authenticates\nwith one of these authentication plugins that stores\npasswords in the mysql.global_priv table, then the\nPASSWORD() function is evaluated by the specific\nauthentication plugin used by the account. The\nauthentication plugin hashes the password with a method that\nis compatible with that specific authentication plugin.\n \nThe unix_socket, named_pipe, gssapi, and pam authentication\nplugins do not store passwords in the mysql.global_priv\ntable. These authentication plugins rely on other methods to\nauthenticate the user.\n \nIf you attempt to run SET PASSWORD on an account that\nauthenticates with one of these authentication plugins that\ndoesn\'t store a password in the mysql.global_priv table,\nthen MariaDB Server will raise a warning like the following:\n \nSET PASSWORD is ignored for users authenticating via\nunix_socket plugin\n \nSee Authentication from MariaDB 10.4 for an overview of\nauthentication changes in MariaDB 10.4.\n \nMariaDB until 10.3\n \nIn MariaDB 10.3 and before, SET PASSWORD (with or without\nPASSWORD()) only works for accounts authenticated via\nmysql_native_password or mysql_old_password authentication\nplugins\n \nPasswordless User Accounts\n \nUser accounts do not always require passwords to login.\n \nThe unix_socket , named_pipe and gssapi authentication\nplugins do not require a password to authenticate the user.\n \nThe pam authentication plugin may or may not require a\npassword to authenticate the user, depending on the specific\nconfiguration.\n \nThe mysql_native_password and mysql_old_password\nauthentication plugins require passwords for authentication,\nbut the password can be blank. In that case, no password is\nrequired.\n \nIf you provide a password while attempting to log into the\nserver as an account that doesn\'t require a password, then\nMariaDB server will simply ignore the password.\n \nIn MariaDB 10.4 and later, a user account can be defined to\nuse multiple authentication plugins in a specific order of\npreference. This specific scenario may be more noticeable in\nthese versions, since an account could be associated with\nsome authentication plugins that require a password, and\nsome that do not.\n \nExample\n \nFor example, if you had an entry with User and\nHost column values of \'bob\' and \n\'%.loc.gov\', you would write the\nstatement like this:\n \nSET PASSWORD FOR \'bob\'@\'%.loc.gov\' =\nPASSWORD(\'newpass\');\n \n\n\nURL: https://mariadb.com/kb/en/set-password/','','https://mariadb.com/kb/en/set-password/');
insert into help_topic (help_topic_id,help_category_id,name,description,example,url) values (126,10,'Roles Overview','Roles were introduced in MariaDB 10.0.5.\n \nDescription\n----------- \nA role bundles a number of privileges together. It assists\nlarger organizations where, typically, a number of users\nwould have the same privileges, and, previously, the only\nway to change the privileges for a group of users was by\nchanging each user\'s privileges individually. \n \nAlternatively, multiple external users could have been\nassigned the same user, and there would have been no way to\nsee which actual user was responsible for which action.\n \nWith roles, managing this is easy. For example, there could\nbe a number of users assigned to a journalist role, with\nidentical privileges. Changing the privileges for all the\njournalists is a matter of simply changing the role\'s\nprivileges, while the individual user is still linked with\nany changes that take place.\n \nRoles are created with the CREATE ROLE statement, and\ndropped with the DROP ROLE statement. Roles are then\nassigned to a user with an extension to the GRANT statement,\nwhile privileges are assigned to a role in the regular way\nwith GRANT. Similarly, the REVOKE statement can be used to\nboth revoke a role from a user, or revoke a privilege from a\nrole.\n \nOnce a user has connected, he can obtain all privileges\nassociated with a role by setting a role with the SET ROLE\nstatement. The CURRENT_ROLE function returns the currently\nset role for the session, if any.\n \nOnly roles granted directly to a user can be set, roles\ngranted to other roles cannot. Instead the privileges\ngranted to a role, which is, in turn, granted to another\nrole (grantee), will be immediately available to any user\nwho sets this second grantee role.\n \nRoles were implemented as a GSoC 2013 project by Vicentiu\nCiorbaru. \n \nThe SET DEFAULT ROLE statement allows one to set a default\nrole for a user. A default role is automatically enabled\nwhen a user connects (an implicit SET ROLE statement is\nexecuted immediately after a connection is established).\n \nSystem Tables\n \nInformation about roles and who they\'ve been granted to can\nbe found in the Information Schema APPLICABLE_ROLES table as\nwell as the mysql.ROLES_MAPPING table.\n \nThe Information Schema ENABLED_ROLES table shows the enabled\nroles for the current session.\n \nExamples\n-------- \nCreating a role and granting a privilege:\n \nCREATE ROLE journalist;\n \nGRANT SHOW DATABASES ON *.* TO journalist;\n \nGRANT journalist to hulda;\n \nNote, that hulda has no SHOW DATABASES privilege, even\nthough she was granted the journalist role. She needs to set\nthe role first:\n \nSHOW DATABASES;\n \n+--------------------+\n| Database |\n+--------------------+\n| information_schema |\n+--------------------+\n \nSELECT CURRENT_ROLE;\n \n+--------------+\n| CURRENT_ROLE |\n+--------------+\n| NULL |\n+--------------+\n \nSET ROLE journalist;\n \nSELECT CURRENT_ROLE;\n \n+--------------+\n| CURRENT_ROLE |\n+--------------+\n| journalist |\n+--------------+\n \nSHOW DATABASES;\n \n+--------------------+\n| Database |\n+--------------------+\n| ... |\n| information_schema |\n| mysql |\n| performance_schema |\n| test |\n| ... |\n+--------------------+\n \nSET ROLE NONE;\n \nRoles can be granted to roles:\n \nCREATE ROLE writer;\n \nGRANT SELECT ON data.* TO writer;\n \nGRANT writer TO journalist;\n \nBut one does not need to set a role granted to a role. For\nexample, hulda will automatically get all writer privileges\nwhen she sets the journalist role:\n \nSELECT CURRENT_ROLE;\n \n+--------------+\n| CURRENT_ROLE |\n+--------------+\n| NULL |\n+--------------+\n \nSHOW TABLES FROM data;\n \nEmpty set (0.01 sec)\n \nSET ROLE journalist;\n \nSELECT CURRENT_ROLE;\n \n+--------------+\n| CURRENT_ROLE |\n+--------------+\n| journalist |\n+--------------+\n \nSHOW TABLES FROM data;\n \n+------------------------------+\n| Tables_in_data |\n+------------------------------+\n| set1 |\n| ... |\n+------------------------------+\n \nRoles and Views (and Stored Routines)\n \nWhen a user sets a role, he, in a sense, has two identities\nwith two associated sets of privileges.\nBut a view (or a stored routine) can have only one definer.\nSo, when a view (or a stored routine) is created with the\nSQL SECURITY DEFINER, one can specify whether the definer\nshould be CURRENT_USER (and the view will have none of the\nprivileges of the user\'s role) or CURRENT_ROLE (in this\ncase, the view will use role\'s privileges, but none of the\nuser\'s privileges). As a result, sometimes one can create a\nview that is impossible to use.\n \nCREATE ROLE r1;\n \nGRANT ALL ON db1.* TO r1;\n \nGRANT r1 TO foo@localhost;\n \nGRANT ALL ON db.* TO foo@localhost;\n \nSELECT CURRENT_USER\n+---------------+\n| current_user |\n+---------------+\n| foo@localhost |\n+---------------+\n \nSET ROLE r1;\n \nCREATE TABLE db1.t1 (i int);\n \nCREATE VIEW db.v1 AS SELECT * FROM db1.t1;\n \nSHOW CREATE VIEW db.v1;\n \n+------+------------------------------------------------------------------------------------------------------------------------------------------+----------------------+----------------------+\n| View | Create View | character_set_client |\ncollation_connection |\n+------+------------------------------------------------------------------------------------------------------------------------------------------+----------------------+----------------------+\n| v1 | CREATE ALGORITHM=UNDEFINED DEFINER=`foo`@`localhost`\nSQL SECURITY DEFINER VIEW `db`.`v1` AS SELECT `db1`.`t1`.`i`\nAS `i` from `db1`.`t1` | utf8 | utf8_general_ci |\n+------+------------------------------------------------------------------------------------------------------------------------------------------+----------------------+----------------------+\n \nCREATE DEFINER=CURRENT_ROLE VIEW db.v2 AS SELECT * FROM\ndb1.t1;\n \nSHOW CREATE VIEW db.b2;\n \n+------+-----------------------------------------------------------------------------------------------------------------------------+----------------------+----------------------+\n| View | Create View | character_set_client |\ncollation_connection |\n+------+-----------------------------------------------------------------------------------------------------------------------------+----------------------+----------------------+\n| v2 | CREATE ALGORITHM=UNDEFINED DEFINER=`r1` SQL SECURITY\nDEFINER VIEW `db`.`v2` AS select `db1`.`t1`.`a` AS `a` from\n`db1`.`t1` | utf8 | utf8_general_ci |\n+------+-----------------------------------------------------------------------------------------------------------------------------+----------------------+----------------------+\n \nOther Resources\n \nRoles Review by Peter Gulutzan\n \n\n \n \n \n \n \n \n \n\nURL: https://mariadb.com/kb/en/roles_overview/','','https://mariadb.com/kb/en/roles_overview/');
insert into help_topic (help_topic_id,help_category_id,name,description,example,url) values (127,10,'CREATE ROLE','Roles were introduced in MariaDB 10.0.5.\n \nSyntax\n------ \nCREATE [OR REPLACE] ROLE [IF NOT EXISTS] role \n [WITH ADMIN \n {CURRENT_USER | CURRENT_ROLE | user | role}]\n \nDescription\n----------- \nThe CREATE ROLE statement creates one or more MariaDB roles.\nTo\nuse it, you must have the global CREATE USER\nprivilege or the INSERT privilege for the mysql\ndatabase. For each account, CREATE ROLE creates a new row in\nthe\nmysql.user table that has no privileges, and with the\ncorresponding is_role field set to Y. It also creates a\nrecord in the\nmysql.roles_mapping table.\n \nIf any of the specified roles already exist, ERROR 1396\n(HY000) results. If\nan error occurs, CREATE ROLE will still create the roles\nthat do not result\nin an error. The maximum length for a role is 128\ncharacters. Role names can be\nquoted, as explained in the Identifier names page. Only\none error is produced for all roles which have not been\ncreated:\n \nERROR 1396 (HY000): Operation CREATE ROLE failed for\n\'a\',\'b\',\'c\'\n \nFailed CREATE or DROP operations, for both users and roles,\nproduce the\nsame error code.\n \nPUBLIC and NONE are reserved, and cannot be used as role\nnames.\n \nBefore MariaDB 10.1.13, the CREATE ROLE statement was not\npermitted in prepared statements.\n \nFor valid identifiers to use as role names, see Identifier\nNames.\n \nWITH ADMIN\n \nThe optional WITH ADMIN clause determines whether the\ncurrent user, the\ncurrent role or another user or role has use of the newly\ncreated role. If the\nclause is omitted, WITH ADMIN CURRENT_USER is treated as the\ndefault, which\nmeans that the current user will be able to GRANT this role\nto\nusers.\n \nOR REPLACE\n \nThe OR REPLACE clause was added in MariaDB 10.1.3\n \nIf the optional OR REPLACE clause is used, it acts as a\nshortcut for:\n \nDROP ROLE IF EXISTS name;\n \nCREATE ROLE name ...;\n \nIF NOT EXISTS\n \nThe IF NOT EXISTS clause was added in MariaDB 10.1.3\n \nWhen the IF NOT EXISTS clause is used, MariaDB will return a\nwarning instead of an error if the specified role already\nexists. Cannot be used together with the OR REPLACE clause.\n \nExamples\n-------- \nCREATE ROLE journalist;\n \nCREATE ROLE developer WITH ADMIN lorinda;\n \nThe OR REPLACE and IF NOT EXISTS clauses:\n \nCREATE ROLE journalist;\nERROR 1396 (HY000): Operation CREATE ROLE failed for\n\'journalist\'\n \nCREATE OR REPLACE ROLE journalist;\nQuery OK, 0 rows affected (0.00 sec)\n \nCREATE ROLE IF NOT EXISTS journalist;\nQuery OK, 0 rows affected, 1 warning (0.00 sec)\n \nSHOW WARNINGS;\n+-------+------+---------------------------------------------------+\n| Level | Code | Message |\n+-------+------+---------------------------------------------------+\n| Note | 1975 | Can\'t create role \'journalist\'; it\nalready exists |\n+-------+------+---------------------------------------------------+\n \n\n\nURL: https://mariadb.com/kb/en/create-role/','','https://mariadb.com/kb/en/create-role/');
insert into help_topic (help_topic_id,help_category_id,name,description,example,url) values (128,10,'DROP ROLE','Roles were introduced in MariaDB 10.0.5.\n \nSyntax\n------ \nDROP ROLE [IF EXISTS] role_name [,role_name ...]\n \nDescription\n----------- \nThe DROP ROLE statement removes one or more MariaDB roles.\nTo use this\nstatement, you must have the global CREATE USER privilege or\nthe DELETE privilege for the mysql database.\n \nDROP ROLE does not disable roles for connections which\nselected them with SET ROLE. If a role has previously been\nset as a default role, DROP ROLE does not remove the record\nof the default role from the mysql.user table. If the role\nis subsequently recreated and granted, it will again be the\nuser\'s default. Use SET DEFAULT ROLE NONE to explicitly\nremove this.\n \nIf any of the specified user accounts do not exist, ERROR\n1396 (HY000)\nresults. If an error occurs, DROP ROLE will still drop the\nroles that\ndo not result in an error. Only one error is produced for\nall roles which have not been dropped:\n \nERROR 1396 (HY000): Operation DROP ROLE failed for\n\'a\',\'b\',\'c\'\n \nFailed CREATE or DROP operations, for both users and roles,\nproduce the same error code.\n \nBefore MariaDB 10.1.13, the DROP ROLE statement was not\npermitted in prepared statements.\n \nIF EXISTS\n \nThe IF EXISTS clause was added in MariaDB 10.1.3\n \nIf the IF EXISTS clause is used, MariaDB will return a\nwarning instead of an error if the role does not exist.\n \nExamples\n-------- \nDROP ROLE journalist;\n \nThe same thing using the optional IF EXISTS clause:\n \nDROP ROLE journalist;\n \nERROR 1396 (HY000): Operation DROP ROLE failed for\n\'journalist\'\n \nDROP ROLE IF EXISTS journalist;\n \nQuery OK, 0 rows affected, 1 warning (0.00 sec)\n \nNote (Code 1975): Can\'t drop role \'journalist\'; it\ndoesn\'t exist\n \n\n\nURL: https://mariadb.com/kb/en/drop-role/','','https://mariadb.com/kb/en/drop-role/');
insert into help_topic (help_topic_id,help_category_id,name,description,example,url) values (129,10,'SET ROLE','Roles were introduced in MariaDB 10.0.5.\n \nSyntax\n------ \nSET ROLE { role | NONE }\n \nDescription\n----------- \nThe SET ROLE statement enables a role, along with all of its\nassociated permissions, for the current session. To unset a\nrole, use NONE .\n \nIf a role that doesn\'t exist, or to which the user has not\nbeen assigned, is specified, an ERROR 1959 (OP000): Invalid\nrole specification error occurs.\n \nFrom MariaDB 10.1.1, an automatic SET ROLE is implicitly\nperformed when a user connects if that user has been\nassigned a default role. See SET DEFAULT ROLE.\n \nExample\n \nSELECT CURRENT_ROLE;\n \n+--------------+\n| CURRENT_ROLE |\n+--------------+\n| NULL |\n+--------------+\n \nSET ROLE staff;\n \nSELECT CURRENT_ROLE;\n \n+--------------+\n| CURRENT_ROLE |\n+--------------+\n| staff |\n+--------------+\n \nSET ROLE NONE;\n \nQuery OK, 0 rows affected (0.00 sec)\n \nSELECT CURRENT_ROLE();\n+----------------+\n| CURRENT_ROLE() |\n+----------------+\n| NULL |\n+----------------+\n \n\n \n \n \n \n \n \n \n\nURL: https://mariadb.com/kb/en/set-role/','','https://mariadb.com/kb/en/set-role/');
insert into help_topic (help_topic_id,help_category_id,name,description,example,url) values (130,10,'SET DEFAULT ROLE','Default roles were implemented in MariaDB 10.1.1.\n \nSyntax\n------ \nSET DEFAULT ROLE { role | NONE } [ FOR user@host ]\n \nDescription\n----------- \nThe SET DEFAULT ROLE statement sets a default role for a\nspecified (or current) user. A default role is automatically\nenabled when a user connects (an implicit SET ROLE statement\nis executed immediately after a connection is established).\n \nTo be able to set a role as a default, one needs the\nprivileges to enable this role (if you cannot do SET ROLE X,\nyou won\'t be able to do SET DEFAULT ROLE X). To set a\ndefault role for another user one needs to have write access\nto the mysql database.\n \nTo remove a user\'s default role, use SET DEFAULT ROLE NONE\n[ FOR user@host ]. The record of the default role is not\nremoved if the role is dropped or revoked, so if the role is\nsubsequently re-created or granted, it will again be the\nuser\'s default role.\n \nThe default role is stored in a new column in the mysql.user\ntable, and currently viewing this table is the only way to\nsee which role has been assigned to a user as the default. \n \nExamples\n-------- \nSetting a default role for the current user:\n \nSET DEFAULT ROLE journalist;\n \nRemoving a default role from the current user:\n \nSET DEFAULT ROLE NONE;\n \n\n \n \n \n \n \n \n \n \n\nURL: https://mariadb.com/kb/en/set-default-role/','','https://mariadb.com/kb/en/set-default-role/');
insert into help_topic (help_topic_id,help_category_id,name,description,example,url) values (131,11,'ST_X','Syntax\n------ \nST_X(p)\nX(p)\n \nDescription\n----------- \nReturns the X-coordinate value for the point p as a\ndouble-precision number.\n \nST_X() and X() are synonyms.\n \nExamples\n-------- \nSET @pt = \'Point(56.7 53.34)\';\n \nSELECT X(GeomFromText(@pt));\n+----------------------+\n| X(GeomFromText(@pt)) |\n+----------------------+\n| 56.7 |\n+----------------------+\n \n\n \n \n \n \n \n \n \n\nURL: https://mariadb.com/kb/en/st_x/','','https://mariadb.com/kb/en/st_x/');
insert into help_topic (help_topic_id,help_category_id,name,description,example,url) values (132,11,'ST_Y','Syntax\n------ \nST_Y(p)\nY(p)\n \nDescription\n----------- \nReturns the Y-coordinate value for the point p as a\ndouble-precision number.\n \nST_Y() and Y() are synonyms.\n \nExamples\n-------- \nSET @pt = \'Point(56.7 53.34)\';\n \nSELECT Y(GeomFromText(@pt));\n+----------------------+\n| Y(GeomFromText(@pt)) |\n+----------------------+\n| 53.34 |\n+----------------------+\n \n\n \n \n \n \n \n \n \n\nURL: https://mariadb.com/kb/en/st_y/','','https://mariadb.com/kb/en/st_y/');
insert into help_topic (help_topic_id,help_category_id,name,description,example,url) values (133,11,'X','A synonym for ST_X.\n \n\n \n \n \n \n \n \n \n\nURL: https://mariadb.com/kb/en/point-properties-x/','','https://mariadb.com/kb/en/point-properties-x/');
insert into help_topic (help_topic_id,help_category_id,name,description,example,url) values (134,11,'Y','A synonym for ST_Y.\n \n\n \n \n \n \n \n \n \n\nURL: https://mariadb.com/kb/en/point-properties-y/','','https://mariadb.com/kb/en/point-properties-y/');
insert into help_topic (help_topic_id,help_category_id,name,description,example,url) values (135,12,'AES_DECRYPT','Syntax\n------ \nAES_DECRYPT(crypt_str,key_str)\n \nDescription\n----------- \nThis function allows decryption of data using the official\nAES\n(Advanced Encryption Standard) algorithm. For more\ninformation, see\nthe description of AES_ENCRYPT().\n \n\n \n \n \n \n \n \n \n\nURL: https://mariadb.com/kb/en/aes_decrypt/','','https://mariadb.com/kb/en/aes_decrypt/');
insert into help_topic (help_topic_id,help_category_id,name,description,example,url) values (136,12,'AES_ENCRYPT','Syntax\n------ \nAES_ENCRYPT(str,key_str)\n \nDescription\n----------- \nAES_ENCRYPT() and AES_DECRYPT() allow encryption and\ndecryption of\ndata using the official AES (Advanced Encryption Standard)\nalgorithm,\npreviously known as \"Rijndael.\" Encoding with a 128-bit\nkey length is\nused, but you can extend it up to 256 bits by modifying the\nsource. We\nchose 128 bits because it is much faster and it is secure\nenough for\nmost purposes.\n \nAES_ENCRYPT() encrypts a string str using the key key_str,\nand returns a binary string.\n \nAES_DECRYPT() decrypts the encrypted string and returns the\noriginal\nstring.\n \nThe input arguments may be any length. If either argument is\nNULL, the result of this function is also NULL.\n \nBecause AES is a block-level algorithm, padding is used to\nencode\nuneven length strings and so the result string length may be\ncalculated using this formula:\n \n16 x (trunc(string_length / 16) + 1)\n \nIf AES_DECRYPT() detects invalid data or incorrect padding,\nit returns\nNULL. However, it is possible for AES_DECRYPT() to return a\nnon-NULL\nvalue (possibly garbage) if the input data or the key is\ninvalid.\n \nExamples\n-------- \nINSERT INTO t VALUES\n(AES_ENCRYPT(\'text\',SHA2(\'password\',512)));\n \n\n \n \n \n \n \n \n \n\nURL: https://mariadb.com/kb/en/aes_encrypt/','','https://mariadb.com/kb/en/aes_encrypt/');
insert into help_topic (help_topic_id,help_category_id,name,description,example,url) values (137,12,'COMPRESS','Syntax\n------ \nCOMPRESS(string_to_compress)\n \nDescription\n----------- \nCompresses a string and returns the result as a binary\nstring. This\nfunction requires MariaDB to have been compiled with a\ncompression\nlibrary such as zlib. Otherwise, the return value is always\nNULL. The\ncompressed string can be uncompressed with UNCOMPRESS().\n \nThe have_compress server system variable indicates whether a\ncompression library is present. \n \nExamples\n-------- \nSELECT LENGTH(COMPRESS(REPEAT(\'a\',1000)));\n+------------------------------------+\n| LENGTH(COMPRESS(REPEAT(\'a\',1000))) |\n+------------------------------------+\n| 21 |\n+------------------------------------+\n \nSELECT LENGTH(COMPRESS(\'\'));\n+----------------------+\n| LENGTH(COMPRESS(\'\')) |\n+----------------------+\n| 0 |\n+----------------------+\n \nSELECT LENGTH(COMPRESS(\'a\'));\n+-----------------------+\n| LENGTH(COMPRESS(\'a\')) |\n+-----------------------+\n| 13 |\n+-----------------------+\n \nSELECT LENGTH(COMPRESS(REPEAT(\'a\',16)));\n+----------------------------------+\n| LENGTH(COMPRESS(REPEAT(\'a\',16))) |\n+----------------------------------+\n| 15 |\n+----------------------------------+\n \n\n \n \n \n \n \n \n \n\nURL: https://mariadb.com/kb/en/compress/','','https://mariadb.com/kb/en/compress/');
insert into help_topic (help_topic_id,help_category_id,name,description,example,url) values (138,12,'DECODE','Syntax\n------ \nDECODE(crypt_str,pass_str)\n \nDescription\n----------- \nDecrypts the encrypted string crypt_str using pass_str as\nthe\npassword. crypt_str should be a string returned from\nENCODE(). The resulting string will be the original string\nonly if pass_str is the same.\n \n\n \n \n \n \n \n \n \n\nURL: https://mariadb.com/kb/en/decode/','','https://mariadb.com/kb/en/decode/');
insert into help_topic (help_topic_id,help_category_id,name,description,example,url) values (139,12,'DES_DECRYPT','Syntax\n------ \nDES_DECRYPT(crypt_str[,key_str])\n \nDescription\n----------- \nDecrypts a string encrypted with DES_ENCRYPT(). If an error\noccurs,\nthis function returns NULL.\n \nThis function works only if MariaDB has been configured with\nTLS\nsupport.\n \nIf no key_str argument is given, DES_DECRYPT() examines the\nfirst byte\nof the encrypted string to determine the DES key number that\nwas used\nto encrypt the original string, and then reads the key from\nthe DES\nkey file to decrypt the message. For this to work, the user\nmust have\nthe SUPER privilege. The key file can be specified with the\n--des-key-file server option.\n \nIf you pass this function a key_str argument, that string is\nused as\nthe key for decrypting the message.\n \nIf the crypt_str argument does not appear to be an encrypted\nstring,\nMariaDB returns the given crypt_str.\n \n\n \n \n \n \n \n \n \n\nURL: https://mariadb.com/kb/en/des_decrypt/','','https://mariadb.com/kb/en/des_decrypt/');
insert into help_topic (help_topic_id,help_category_id,name,description,example,url) values (140,12,'DES_ENCRYPT','Syntax\n------ \nDES_ENCRYPT(str[,{key_num|key_str}])\n \nDescription\n----------- \nEncrypts the string with the given key using the Triple-DES\nalgorithm.\n \nThis function works only if MariaDB has been configured with\nTLS support.\n \nThe encryption key to use is chosen based on the second\nargument to\nDES_ENCRYPT(), if one was given. With no argument, the first\nkey from\nthe DES key file is used. With a key_num argument, the given\nkey \nnumber (0-9) from the DES key file is used. With a key_str\nargument,\nthe given key string is used to encrypt str. \n \nThe key file can be specified with the --des-key-file server\noption.\n \nThe return string is a binary string where the first\ncharacter is \nCHAR(128 | key_num). If an error occurs, DES_ENCRYPT()\nreturns NULL.\n \nThe 128 is added to make it easier to recognize an encrypted\nkey. If\nyou use a string key, key_num is 127.\n \nThe string length for the result is given by this formula:\n \nnew_len = orig_len + (8 - (orig_len % 8)) + 1\n \nEach line in the DES key file has the following format:\n \nkey_num des_key_str\n \nEach key_num value must be a number in the range from 0 to\n9. Lines in\nthe file may be in any order. des_key_str is the string that\nis used\nto encrypt the message. There should be at least one space\nbetween the\nnumber and the key. The first key is the default key that is\nused if\nyou do not specify any key argument to DES_ENCRYPT().\n \nYou can tell MariaDB to read new key values from the key\nfile with the\nFLUSH DES_KEY_FILE statement. This requires the RELOAD\nprivilege.\n \nOne benefit of having a set of default keys is that it gives\napplications a way to check for the existence of encrypted\ncolumn\nvalues, without giving the end user the right to decrypt\nthose values.\n \nExamples\n-------- \nSELECT customer_address FROM customer_table \n WHERE crypted_credit_card =\nDES_ENCRYPT(\'credit_card_number\');\n \n\n\nURL: https://mariadb.com/kb/en/des_encrypt/','','https://mariadb.com/kb/en/des_encrypt/');
insert into help_topic (help_topic_id,help_category_id,name,description,example,url) values (141,12,'ENCODE','Syntax\n------ \nENCODE(str,pass_str)\n \nDescription\n----------- \nENCODE is not considered cryptographically secure, and\nshould not be used for password encryption.\n \nEncrypt str using pass_str as the password. To decrypt the\nresult, use\nDECODE().\n \nThe result is a binary string of the same length as str.\n \nThe strength of the encryption is based on how good the\nrandom generator is. \n \nIt is not recommended to rely on the encryption performed by\nthe ENCODE function. Using a salt value (changed when a\npassword is updated) will improve matters somewhat, but for\nstoring passwords, consider a more cryptographically secure\nfunction, such as SHA2().\n \nExamples\n-------- \nENCODE(\'not so secret text\',\nCONCAT(\'random_salt\',\'password\'))\n \n\n \n \n \n \n \n \n \n\nURL: https://mariadb.com/kb/en/encode/','','https://mariadb.com/kb/en/encode/');
insert into help_topic (help_topic_id,help_category_id,name,description,example,url) values (142,12,'ENCRYPT','Syntax\n------ \nENCRYPT(str[,salt])\n \nDescription\n----------- \nEncrypts a string using the Unix crypt() system call,\nreturning an encrypted binary string. The salt argument\nshould be a string with at least two characters or the\nreturned result will be NULL. If no salt argument is given,\na random value of sufficient length is used.\n \nIt is not recommended to use ENCRYPT() with utf16, utf32 or\nucs2 multi-byte character sets because the crypt() system\ncall expects a string terminated with a zero byte.\n \nNote that the underlying crypt() system call may have some\nlimitations, such as ignoring all but the first eight\ncharacters.\n \nIf the have_crypt system variable is set to NO (because the\ncrypt() system call is not available), the ENCRYPT function\nwill always return NULL.\n \nExamples\n-------- \nSELECT ENCRYPT(\'encrypt me\');\n+-----------------------+\n| ENCRYPT(\'encrypt me\') |\n+-----------------------+\n| 4I5BsEx0lqTDk |\n+-----------------------+\n \n\n \n \n \n \n \n \n \n\nURL: https://mariadb.com/kb/en/encrypt/','','https://mariadb.com/kb/en/encrypt/');
insert into help_topic (help_topic_id,help_category_id,name,description,example,url) values (143,12,'MD5','Syntax\n------ \nMD5(str)\n \nDescription\n----------- \nCalculates an MD5 128-bit checksum for the string. \n \nThe return value is a 32-hex digit string, and as of MariaDB\n5.5, is a nonbinary string in the connection character set\nand collation, determined by the values of the\ncharacter_set_connection and collation_connection system\nvariables. Before 5.5, the return value was a binary string.\n \nNULL is returned if the argument was NULL. \n \nExamples\n-------- \nSELECT MD5(\'testing\');\n+----------------------------------+\n| MD5(\'testing\') |\n+----------------------------------+\n| ae2b1fca515949e5d54fb22b8ed95575 |\n+----------------------------------+\n \n\n \n \n \n \n \n \n \n\nURL: https://mariadb.com/kb/en/md5/','','https://mariadb.com/kb/en/md5/');
insert into help_topic (help_topic_id,help_category_id,name,description,example,url) values (144,12,'OLD_PASSWORD','Syntax\n------ \nOLD_PASSWORD(str)\n \nDescription\n----------- \nOLD_PASSWORD() was added to MySQL when the implementation of\n\nPASSWORD() was changed to improve security. OLD_PASSWORD()\nreturns the\nvalue of the old (pre-MySQL 4.1) implementation of\nPASSWORD() as a\nstring, and is intended to permit you to reset passwords for\nany\npre-4.1 clients that need to connect to a more recent MySQL\nserver version, or any version of MariaDB,\nwithout locking them out.\n \nAs of MariaDB 5.5, the return value is a nonbinary string in\nthe connection character set and collation, determined by\nthe values of the character_set_connection and\ncollation_connection system variables. Before 5.5, the\nreturn value was a binary string.\n \nThe return value is 16 bytes in length, or NULL if the\nargument was NULL.\n \n\n\nURL: https://mariadb.com/kb/en/old_password/','','https://mariadb.com/kb/en/old_password/');
insert into help_topic (help_topic_id,help_category_id,name,description,example,url) values (145,12,'PASSWORD','Syntax\n------ \nPASSWORD(str)\n \nDescription\n----------- \nThe PASSWORD() function is used for hashing passwords for\nuse in authentication by the MariaDB server. It is not\nintended for use in other applications.\n \nCalculates and returns a hashed password string from the\nplaintext password str. Returns an empty string (>= MariaDB\n10.0.4) or NULL (\n\nURL: https://mariadb.com/kb/en/password/','','https://mariadb.com/kb/en/password/');
insert into help_topic (help_topic_id,help_category_id,name,description,example,url) values (146,12,'SHA1','Syntax\n------ \nSHA1(str), SHA(str)\n \nDescription\n----------- \nCalculates an SHA-1 160-bit checksum for the string str, as\ndescribed in\nRFC 3174 (Secure Hash Algorithm).\n \nThe value is returned as a string of 40 hex digits, or NULL\nif the argument was NULL. As of MariaDB 5.5, the return\nvalue is a nonbinary string in the connection character set\nand collation, determined by the values of the\ncharacter_set_connection and collation_connection system\nvariables. Before 5.5, the return value was a binary string.\n \nExamples\n-------- \nSELECT SHA1(\'some boring text\');\n+------------------------------------------+\n| SHA1(\'some boring text\') |\n+------------------------------------------+\n| af969fc2085b1bb6d31e517d5c456def5cdd7093 |\n+------------------------------------------+\n \n\n \n \n \n \n \n \n \n\nURL: https://mariadb.com/kb/en/sha1/','','https://mariadb.com/kb/en/sha1/');
insert into help_topic (help_topic_id,help_category_id,name,description,example,url) values (147,12,'SHA2','SHA2() was introduced in MariaDB 5.5\n \nSyntax\n------ \nSHA2(str,hash_len)\n \nDescription\n----------- \nGiven a string str, calculates an SHA-2 checksum, which is\nconsidered more cryptographically secure than its SHA-1\nequivalent. The SHA-2 family includes SHA-224, SHA-256,\nSHA-384, and SHA-512, and the hash_len must correspond to\none of these, i.e. 224, 256, 384 or 512. 0 is equivalent to\n256.\n \nThe return value is a nonbinary string in the connection\ncharacter set and collation, determined by the values of the\ncharacter_set_connection and collation_connection system\nvariables. \n \nNULL is returned if the hash length is not valid, or the\nstring str is NULL.\n \nSHA2 will only work if MariaDB was has been configured with\nTLS support. \n \nExamples\n-------- \nSELECT SHA2(\'Maria\',224);\n+----------------------------------------------------------+\n| SHA2(\'Maria\',224) |\n+----------------------------------------------------------+\n| 6cc67add32286412efcab9d0e1675a43a5c2ef3cec8879f81516ff83 |\n+----------------------------------------------------------+\n \nSELECT SHA2(\'Maria\',256);\n+------------------------------------------------------------------+\n| SHA2(\'Maria\',256) |\n+------------------------------------------------------------------+\n|\n9ff18ebe7449349f358e3af0b57cf7a032c1c6b2272cb2656ff85eb112232f16\n|\n+------------------------------------------------------------------+\n \nSELECT SHA2(\'Maria\',0);\n+------------------------------------------------------------------+\n| SHA2(\'Maria\',0) |\n+------------------------------------------------------------------+\n|\n9ff18ebe7449349f358e3af0b57cf7a032c1c6b2272cb2656ff85eb112232f16\n|\n+------------------------------------------------------------------+\n \n\n \n \n \n \n \n \n \n\nURL: https://mariadb.com/kb/en/sha2/','','https://mariadb.com/kb/en/sha2/');
insert into help_topic (help_topic_id,help_category_id,name,description,example,url) values (148,12,'UNCOMPRESS','Syntax\n------ \nUNCOMPRESS(string_to_uncompress)\n \nDescription\n----------- \nUncompresses a string compressed by the COMPRESS() function.\nIf the\nargument is not a compressed value, the result is NULL. This\nfunction\nrequires MariaDB to have been compiled with a compression\nlibrary such\nas zlib. Otherwise, the return value is always NULL. The\nhave_compress server system variable indicates whether a\ncompression library is present. \n \nExamples\n-------- \nSELECT UNCOMPRESS(COMPRESS(\'a string\'));\n+----------------------------------+\n| UNCOMPRESS(COMPRESS(\'a string\')) |\n+----------------------------------+\n| a string |\n+----------------------------------+\n \nSELECT UNCOMPRESS(\'a string\');\n+------------------------+\n| UNCOMPRESS(\'a string\') |\n+------------------------+\n| NULL |\n+------------------------+\n \n\n \n \n \n \n \n \n \n\nURL: https://mariadb.com/kb/en/uncompress/','','https://mariadb.com/kb/en/uncompress/');
insert into help_topic (help_topic_id,help_category_id,name,description,example,url) values (149,12,'UNCOMPRESSED_LENGTH','Syntax\n------ \nUNCOMPRESSED_LENGTH(compressed_string)\n \nDescription\n----------- \nReturns the length that the compressed string had before\nbeing\ncompressed with COMPRESS().\n \nUNCOMPRESSED_LENGTH() returns NULL or an incorrect result if\nthe string is not compressed.\n \nUntil MariaDB 10.3.1, returns MYSQL_TYPE_LONGLONG, or\nbigint(10), in all cases. From MariaDB 10.3.1, returns\nMYSQL_TYPE_LONG, or int(10), when the result would fit\nwithin 32-bits.\n \nExamples\n-------- \nSELECT UNCOMPRESSED_LENGTH(COMPRESS(REPEAT(\'a\',30)));\n+-----------------------------------------------+\n| UNCOMPRESSED_LENGTH(COMPRESS(REPEAT(\'a\',30))) |\n+-----------------------------------------------+\n| 30 |\n+-----------------------------------------------+\n \n\n \n \n \n \n \n \n \n\nURL: https://mariadb.com/kb/en/uncompressed_length/','','https://mariadb.com/kb/en/uncompressed_length/');
insert into help_topic (help_topic_id,help_category_id,name,description,example,url) values (150,13,'ENDPOINT','A synonym for ST_ENDPOINT.\n \n\n \n \n \n \n \n \n \n\nURL:\nhttps://mariadb.com/kb/en/linestring-properties-endpoint/','','https://mariadb.com/kb/en/linestring-properties-endpoint/');
insert into help_topic (help_topic_id,help_category_id,name,description,example,url) values (151,13,'GLENGTH','Syntax\n------ \nGLength(ls)\n \nDescription\n----------- \nReturns as a double-precision number the length of the\nLineString value ls in its associated spatial reference.\n \nExamples\n-------- \nSET @ls = \'LineString(1 1,2 2,3 3)\';\n \nSELECT GLength(GeomFromText(@ls));\n+----------------------------+\n| GLength(GeomFromText(@ls)) |\n+----------------------------+\n| 2.82842712474619 |\n+----------------------------+\n \n\n\nURL: https://mariadb.com/kb/en/glength/','','https://mariadb.com/kb/en/glength/');
insert into help_topic (help_topic_id,help_category_id,name,description,example,url) values (152,13,'NumPoints','A synonym for ST_NumPoints.\n \n\n \n \n \n \n \n \n \n\nURL:\nhttps://mariadb.com/kb/en/linestring-properties-numpoints/','','https://mariadb.com/kb/en/linestring-properties-numpoints/');
insert into help_topic (help_topic_id,help_category_id,name,description,example,url) values (153,13,'PointN','A synonym for ST_PointN.\n \n\n \n \n \n \n \n \n \n\nURL: https://mariadb.com/kb/en/linestring-properties-pointn/','','https://mariadb.com/kb/en/linestring-properties-pointn/');
insert into help_topic (help_topic_id,help_category_id,name,description,example,url) values (154,13,'STARTPOINT','A synonym for ST_STARTPOINT.\n \n\n \n \n \n \n \n \n \n\nURL:\nhttps://mariadb.com/kb/en/linestring-properties-startpoint/','','https://mariadb.com/kb/en/linestring-properties-startpoint/');
insert into help_topic (help_topic_id,help_category_id,name,description,example,url) values (155,13,'ST_ENDPOINT','Syntax\n------ \nST_EndPoint(ls)\nEndPoint(ls)\n \nDescription\n----------- \nReturns the Point that is the endpoint of the\nLineString value ls.\n \nST_EndPoint() and EndPoint() are synonyms.\n \nExamples\n-------- \nSET @ls = \'LineString(1 1,2 2,3 3)\';\n \nSELECT AsText(EndPoint(GeomFromText(@ls)));\n+-------------------------------------+\n| AsText(EndPoint(GeomFromText(@ls))) |\n+-------------------------------------+\n| POINT(3 3) |\n+-------------------------------------+\n \n\n \n \n \n \n \n \n \n\nURL: https://mariadb.com/kb/en/st_endpoint/','','https://mariadb.com/kb/en/st_endpoint/');
insert into help_topic (help_topic_id,help_category_id,name,description,example,url) values (156,13,'ST_NUMPOINTS','Syntax\n------ \nST_NumPoints(ls)\nNumPoints(ls)\n \nDescription\n----------- \nReturns the number of Point objects in the LineString\nvalue ls.\n \nST_NumPoints() and NumPoints() are synonyms.\n \nExamples\n-------- \nSET @ls = \'LineString(1 1,2 2,3 3)\';\n \nSELECT NumPoints(GeomFromText(@ls));\n+------------------------------+\n| NumPoints(GeomFromText(@ls)) |\n+------------------------------+\n| 3 |\n+------------------------------+\n \n\n \n \n \n \n \n \n \n\nURL: https://mariadb.com/kb/en/st_numpoints/','','https://mariadb.com/kb/en/st_numpoints/');
insert into help_topic (help_topic_id,help_category_id,name,description,example,url) values (157,13,'ST_POINTN','Syntax\n------ \nST_PointN(ls,N)\nPointN(ls,N)\n \nDescription\n----------- \nReturns the N-th Point in the LineString value ls.\nPoints are numbered beginning with 1.\n \nST_PointN() and PointN() are synonyms.\n \nExamples\n-------- \nSET @ls = \'LineString(1 1,2 2,3 3)\';\n \nSELECT AsText(PointN(GeomFromText(@ls),2));\n+-------------------------------------+\n| AsText(PointN(GeomFromText(@ls),2)) |\n+-------------------------------------+\n| POINT(2 2) |\n+-------------------------------------+\n \n\n \n \n \n \n \n \n \n\nURL: https://mariadb.com/kb/en/st_pointn/','','https://mariadb.com/kb/en/st_pointn/');
insert into help_topic (help_topic_id,help_category_id,name,description,example,url) values (158,14,'GET_LOCK','Syntax\n------ \nGET_LOCK(str,timeout)\n \nDescription\n----------- \nTries to obtain a lock with a name given by the string str,\nusing a timeout of timeout seconds. Returns 1 if the lock\nwas obtained successfully, 0 if the attempt timed out (for\nexample, because another client has previously locked the\nname), or NULL if an error occurred (such as running out of\nmemory or the thread was killed with mysqladmin kill).\n \nA lock is released with RELEASE_LOCK(), when the connection\nterminates (either normally or abnormally), or before\nMariaDB 10.0.2, when the connection executes another\nGET_LOCK statement. From MariaDB 10.0.2, a connection can\nhold multiple locks at the same time, so a lock that is no\nlonger needed needs to be explicitly released.\n \nThe IS_FREE_LOCK function returns whether a specified lock a\nfree or not, and the IS_USED_LOCK whether the function is in\nuse or not.\n \nLocks obtained with GET_LOCK() do not interact with\ntransactions. That is, committing a transaction does not\nrelease any such locks obtained during the transaction.\n \nFrom MariaDB 10.0.2, it is also possible to recursively set\nthe same lock. If a lock with the same name is set n times,\nit needs to be released n times as well. \n \nstr is case insensitive for GET_LOCK() and related\nfunctions. If str is an empty string or NULL, GET_LOCK()\nreturns NULL and does nothing. From MariaDB 10.2.2, timeout\nsupports microseconds. Before then, it was rounded to the\nclosest integer.\n \nIf the metadata_lock_info plugin is installed, locks\nacquired with this function are visible in the Information\nSchema METADATA_LOCK_INFO table.\n \nThis function can be used to implement application locks or\nto simulate record locks. Names are locked on a server-wide\nbasis. If a name has been locked by one client, GET_LOCK()\nblocks any request by another client for a lock with the\nsame name. This allows clients that agree on a given lock\nname to use the name to perform cooperative advisory\nlocking. But be aware that it also allows a client that is\nnot among the set of cooperating clients to lock a name,\neither inadvertently or deliberately, and thus prevent any\nof the cooperating clients from locking that name. One way\nto reduce the likelihood of this is to use lock names that\nare database-specific or application-specific. For example,\nuse lock names of the form db_name.str or app_name.str.\n \nStatements using the GET_LOCK() function are not safe for\nreplication.\n \nThe patch to permit multiple locks was contributed by\nKonstantin \"Kostja\" Osipov (MDEV-3917).\n \nExamples\n-------- \nSELECT GET_LOCK(\'lock1\',10);\n+----------------------+\n| GET_LOCK(\'lock1\',10) |\n+----------------------+\n| 1 |\n+----------------------+\n \nSELECT IS_FREE_LOCK(\'lock1\'), IS_USED_LOCK(\'lock1\');\n+-----------------------+-----------------------+\n| IS_FREE_LOCK(\'lock1\') | IS_USED_LOCK(\'lock1\') |\n+-----------------------+-----------------------+\n| 0 | 46 |\n+-----------------------+-----------------------+\n \nSELECT IS_FREE_LOCK(\'lock2\'), IS_USED_LOCK(\'lock2\');\n+-----------------------+-----------------------+\n| IS_FREE_LOCK(\'lock2\') | IS_USED_LOCK(\'lock2\') |\n+-----------------------+-----------------------+\n| 1 | NULL |\n+-----------------------+-----------------------+\n \nFrom MariaDB 10.0.2, multiple locks can be held:\n \nSELECT GET_LOCK(\'lock2\',10);\n+----------------------+\n| GET_LOCK(\'lock2\',10) |\n+----------------------+\n| 1 |\n+----------------------+\n \nSELECT IS_FREE_LOCK(\'lock1\'), IS_FREE_LOCK(\'lock2\');\n+-----------------------+-----------------------+\n| IS_FREE_LOCK(\'lock1\') | IS_FREE_LOCK(\'lock2\') |\n+-----------------------+-----------------------+\n| 0 | 0 |\n+-----------------------+-----------------------+\n \nSELECT RELEASE_LOCK(\'lock1\'), RELEASE_LOCK(\'lock2\');\n+-----------------------+-----------------------+\n| RELEASE_LOCK(\'lock1\') | RELEASE_LOCK(\'lock2\') |\n+-----------------------+-----------------------+\n| 1 | 1 |\n+-----------------------+-----------------------+\n \nBefore MariaDB 10.0.2, a connection could only hold a single\nlock:\n \nSELECT GET_LOCK(\'lock2\',10);\n+----------------------+\n| GET_LOCK(\'lock2\',10) |\n+----------------------+\n| 1 |\n+----------------------+\n \nSELECT IS_FREE_LOCK(\'lock1\'), IS_FREE_LOCK(\'lock2\');\n+-----------------------+-----------------------+\n| IS_FREE_LOCK(\'lock1\') | IS_FREE_LOCK(\'lock2\') |\n+-----------------------+-----------------------+\n| 1 | 0 |\n+-----------------------+-----------------------+\n \nSELECT RELEASE_LOCK(\'lock1\'), RELEASE_LOCK(\'lock2\');\n+-----------------------+-----------------------+\n| RELEASE_LOCK(\'lock1\') | RELEASE_LOCK(\'lock2\') |\n+-----------------------+-----------------------+\n| NULL | 1 |\n+-----------------------+-----------------------+\n \nFrom MariaDB 10.0.2, it is possible to hold the same lock\nrecursively. This example is viewed using the\nmetadata_lock_info plugin:\n \nSELECT GET_LOCK(\'lock3\',10);\n+----------------------+\n| GET_LOCK(\'lock3\',10) |\n+----------------------+\n| 1 |\n+----------------------+\n \nSELECT GET_LOCK(\'lock3\',10);\n+----------------------+\n| GET_LOCK(\'lock3\',10) |\n+----------------------+\n| 1 |\n+----------------------+\n \nSELECT * FROM INFORMATION_SCHEMA.METADATA_LOCK_INFO;\n \n+-----------+---------------------+---------------+-----------+--------------+------------+\n| THREAD_ID | LOCK_MODE | LOCK_DURATION | LOCK_TYPE |\nTABLE_SCHEMA | TABLE_NAME |\n+-----------+---------------------+---------------+-----------+--------------+------------+\n| 46 | MDL_SHARED_NO_WRITE | NULL | User lock | lock3 | |\n+-----------+---------------------+---------------+-----------+--------------+------------+\n \nSELECT RELEASE_LOCK(\'lock3\');\n+-----------------------+\n| RELEASE_LOCK(\'lock3\') |\n+-----------------------+\n| 1 |\n+-----------------------+\n \nSELECT * FROM INFORMATION_SCHEMA.METADATA_LOCK_INFO;\n \n+-----------+---------------------+---------------+-----------+--------------+------------+\n| THREAD_ID | LOCK_MODE | LOCK_DURATION | LOCK_TYPE |\nTABLE_SCHEMA | TABLE_NAME |\n+-----------+---------------------+---------------+-----------+--------------+------------+\n| 46 | MDL_SHARED_NO_WRITE | NULL | User lock | lock3 | |\n+-----------+---------------------+---------------+-----------+--------------+------------+\n \nSELECT RELEASE_LOCK(\'lock3\');\n+-----------------------+\n| RELEASE_LOCK(\'lock3\') |\n+-----------------------+\n| 1 |\n+-----------------------+\n \nSELECT * FROM INFORMATION_SCHEMA.METADATA_LOCK_INFO;\n \nEmpty set (0.000 sec)\n \nTimeout example: Connection 1:\n \nSELECT GET_LOCK(\'lock4\',10);\n+----------------------+\n| GET_LOCK(\'lock4\',10) |\n+----------------------+\n| 1 |\n+----------------------+\n \nConnection 2:\n \nSELECT GET_LOCK(\'lock4\',10);\n \nAfter 10 seconds...\n \n+----------------------+\n| GET_LOCK(\'lock4\',10) |\n+----------------------+\n| 0 |\n+----------------------+\n \nDeadlocks are automatically detected and resolved.\nConnection 1:\n \nSELECT GET_LOCK(\'lock5\',10); \n+----------------------+\n| GET_LOCK(\'lock5\',10) |\n+----------------------+\n| 1 |\n+----------------------+\n \nConnection 2:\n \nSELECT GET_LOCK(\'lock6\',10);\n+----------------------+\n| GET_LOCK(\'lock6\',10) |\n+----------------------+\n| 1 |\n+----------------------+\n \nConnection 1:\n \nSELECT GET_LOCK(\'lock6\',10); \n+----------------------+\n| GET_LOCK(\'lock6\',10) |\n+----------------------+\n| 0 |\n+----------------------+\n \nConnection 2:\n \nSELECT GET_LOCK(\'lock5\',10);\nERROR 1213 (40001): Deadlock found when trying to get lock;\n try restarting transaction\n \n\n\nURL: https://mariadb.com/kb/en/get_lock/','','https://mariadb.com/kb/en/get_lock/');
insert into help_topic (help_topic_id,help_category_id,name,description,example,url) values (159,14,'INET6_ATON','INET6_ATON() has been available since MariaDB 10.0.12.\n \nSyntax\n------ \nINET6_ATON(expr)\n \nDescription\n----------- \nGiven an IPv6 or IPv4 network address as a string, returns a\nbinary string that represents the numeric value of the\naddress.\n \nNo trailing zone ID\'s or traling network masks are\npermitted. For IPv4 addresses, or IPv6 addresses with IPv4\naddress parts, no classful addresses or trailing port\nnumbers are permitted and octal numbers are not supported.\n \nThe returned binary string will be VARBINARY(16) or\nVARBINARY(4) for IPv6 and IPv4 addresses respectively.\n \nReturns NULL if the argument is not understood.\n \nExamples\n-------- \nSELECT HEX(INET6_ATON(\'10.0.1.1\'));\n+-----------------------------+\n| HEX(INET6_ATON(\'10.0.1.1\')) |\n+-----------------------------+\n| 0A000101 |\n+-----------------------------+\n \nSELECT HEX(INET6_ATON(\'48f3::d432:1431:ba23:846f\'));\n+----------------------------------------------+\n| HEX(INET6_ATON(\'48f3::d432:1431:ba23:846f\')) |\n+----------------------------------------------+\n| 48F3000000000000D4321431BA23846F |\n+----------------------------------------------+\n \n\n\nURL: https://mariadb.com/kb/en/inet6_aton/','','https://mariadb.com/kb/en/inet6_aton/');
insert into help_topic (help_topic_id,help_category_id,name,description,example,url) values (160,14,'INET6_NTOA','INET6_NTOA() has been available from MariaDB 10.0.12.\n \nSyntax\n------ \nINET6_NTOA(expr)\n \nDescription\n----------- \nGiven an IPv6 or IPv4 network address as a numeric binary\nstring, returns the address as a nonbinary string in the\nconnection character set.\n \nThe return string is lowercase, and is platform independent,\nsince it does not use functions specific to the operating\nsystem. It has a maximum length of 39 characters.\n \nReturns NULL if the argument is not understood.\n \nExamples\n-------- \nSELECT INET6_NTOA(UNHEX(\'0A000101\'));\n+-------------------------------+\n| INET6_NTOA(UNHEX(\'0A000101\')) |\n+-------------------------------+\n| 10.0.1.1 |\n+-------------------------------+\n \nSELECT\nINET6_NTOA(UNHEX(\'48F3000000000000D4321431BA23846F\'));\n+-------------------------------------------------------+\n| INET6_NTOA(UNHEX(\'48F3000000000000D4321431BA23846F\')) |\n+-------------------------------------------------------+\n| 48f3::d432:1431:ba23:846f |\n+-------------------------------------------------------+\n \n\n\nURL: https://mariadb.com/kb/en/inet6_ntoa/','','https://mariadb.com/kb/en/inet6_ntoa/');
insert into help_topic (help_topic_id,help_category_id,name,description,example,url) values (161,14,'INET_ATON','Syntax\n------ \nINET_ATON(expr)\n \nDescription\n----------- \nGiven the dotted-quad representation of an IPv4 network\naddress as a string,\nreturns an integer that represents the numeric value of the\naddress.\nAddresses may be 4- or 8-byte addresses.\n \nReturns NULL if the argument is not understood.\n \nExamples\n-------- \nSELECT INET_ATON(\'192.168.1.1\');\n+--------------------------+\n| INET_ATON(\'192.168.1.1\') |\n+--------------------------+\n| 3232235777 |\n+--------------------------+\n \nThis is calculated as follows: 192 x 2563 + 168 x 256 2 + 1\nx 256 + 1\n \n\n\nURL: https://mariadb.com/kb/en/inet_aton/','','https://mariadb.com/kb/en/inet_aton/');
insert into help_topic (help_topic_id,help_category_id,name,description,example,url) values (162,14,'INET_NTOA','Syntax\n------ \nINET_NTOA(expr)\n \nDescription\n----------- \nGiven a numeric IPv4 network address in network byte order\n(4 or 8 byte),\nreturns the dotted-quad representation of the address as a\nstring.\n \nExamples\n-------- \nSELECT INET_NTOA(3232235777);\n+-----------------------+\n| INET_NTOA(3232235777) |\n+-----------------------+\n| 192.168.1.1 |\n+-----------------------+\n \n192.168.1.1 corresponds to 3232235777 since 192 x 2563 + 168\nx 256 2 + 1 x 256 + 1 = 3232235777\n \n\n\nURL: https://mariadb.com/kb/en/inet_ntoa/','','https://mariadb.com/kb/en/inet_ntoa/');
insert into help_topic (help_topic_id,help_category_id,name,description,example,url) values (163,14,'IS_FREE_LOCK','Syntax\n------ \nIS_FREE_LOCK(str)\n \nDescription\n----------- \nChecks whether the lock named str is free to use (that is,\nnot locked).\nReturns 1 if the lock is free (no one is using the lock),\n 0 if the lock is in use, and NULL if an\nerror occurs (such as an incorrect argument, like an empty\nstring or NULL). str is case insensitive.\n \nIf the metadata_lock_info plugin is installed, the\nInformation Schema metadata_lock_info table contains\ninformation about locks of this kind (as well as metadata\nlocks).\n \nStatements using the IS_FREE_LOCK() function are not safe\nfor replication.\n \n\n\nURL: https://mariadb.com/kb/en/is_free_lock/','','https://mariadb.com/kb/en/is_free_lock/');
insert into help_topic (help_topic_id,help_category_id,name,description,example,url) values (164,14,'IS_IPV4','IS_IPV4() has been available since MariaDB 10.0.12.\n \nSyntax\n------ \nIS_IPV4(expr)\n \nDescription\n----------- \nIf the expression is a valid IPv4 address, returns 1,\notherwise returns 0.\n \nIS_IPV4() is stricter than INET_ATON(), but as strict as\nINET6_ATON(), in determining the validity of an IPv4\naddress. This implies that if IS_IPV4 returns 1, the same\nexpression will always return a non-NULL result when passed\nto INET_ATON(), but that the reverse may not apply.\n \nExamples\n-------- \nSELECT IS_IPV4(\'1110.0.1.1\');\n+-----------------------+\n| IS_IPV4(\'1110.0.1.1\') |\n+-----------------------+\n| 0 |\n+-----------------------+\n \nSELECT IS_IPV4(\'48f3::d432:1431:ba23:846f\');\n+--------------------------------------+\n| IS_IPV4(\'48f3::d432:1431:ba23:846f\') |\n+--------------------------------------+\n| 0 |\n+--------------------------------------+\n \n\n \n \n \n \n \n \n \n\nURL: https://mariadb.com/kb/en/is_ipv4/','','https://mariadb.com/kb/en/is_ipv4/');
insert into help_topic (help_topic_id,help_category_id,name,description,example,url) values (165,14,'IS_IPV4_COMPAT','IS_IPV4_COMPAT() has been available since MariaDB 10.0.12.\n \nSyntax\n------ \nIS_IPV4_COMPAT(expr)\n \nDescription\n----------- \nReturns 1 if a given numeric binary string IPv6 address,\nsuch as returned by INET6_ATON(), is IPv4-compatible,\notherwise returns 0. \n \nExamples\n-------- \nSELECT IS_IPV4_COMPAT(INET6_ATON(\'::10.0.1.1\'));\n+------------------------------------------+\n| IS_IPV4_COMPAT(INET6_ATON(\'::10.0.1.1\')) |\n+------------------------------------------+\n| 1 |\n+------------------------------------------+\n \nSELECT\nIS_IPV4_COMPAT(INET6_ATON(\'::48f3::d432:1431:ba23:846f\'));\n+-----------------------------------------------------------+\n|\nIS_IPV4_COMPAT(INET6_ATON(\'::48f3::d432:1431:ba23:846f\'))\n|\n+-----------------------------------------------------------+\n| 0 |\n+-----------------------------------------------------------+\n \n\n \n \n \n \n \n \n \n\nURL: https://mariadb.com/kb/en/is_ipv4_compat/','','https://mariadb.com/kb/en/is_ipv4_compat/');
insert into help_topic (help_topic_id,help_category_id,name,description,example,url) values (166,14,'IS_IPV4_MAPPED','IS_IPV4_MAPPED() has been available since MariaDB 10.0.12.\n \nSyntax\n------ \nIS_IPV4_MAPPED(expr)\n \nDescription\n----------- \nReturns 1 if a given a numeric binary string IPv6 address,\nsuch as returned by INET6_ATON(), is a valid IPv4-mapped\naddress, otherwise returns 0.\n \nExamples\n-------- \nSELECT IS_IPV4_MAPPED(INET6_ATON(\'::10.0.1.1\'));\n+------------------------------------------+\n| IS_IPV4_MAPPED(INET6_ATON(\'::10.0.1.1\')) |\n+------------------------------------------+\n| 0 |\n+------------------------------------------+\n \nSELECT IS_IPV4_MAPPED(INET6_ATON(\'::ffff:10.0.1.1\'));\n+-----------------------------------------------+\n| IS_IPV4_MAPPED(INET6_ATON(\'::ffff:10.0.1.1\')) |\n+-----------------------------------------------+\n| 1 |\n+-----------------------------------------------+\n \n\n \n \n \n \n \n \n \n\nURL: https://mariadb.com/kb/en/is_ipv4_mapped/','','https://mariadb.com/kb/en/is_ipv4_mapped/');
insert into help_topic (help_topic_id,help_category_id,name,description,example,url) values (167,14,'IS_IPV6','IS_IPV6() has been available since MariaDB 10.0.12.\n \nSyntax\n------ \nIS_IPV6(expr)\n \nDescription\n----------- \nReturns 1 if the expression is a valid IPv6 address\nspecified as a string, otherwise returns 0. Does not\nconsider IPv4 addresses to be valid IPv6 addresses.\n \nExamples\n-------- \n SELECT IS_IPV6(\'48f3::d432:1431:ba23:846f\');\n+--------------------------------------+\n| IS_IPV6(\'48f3::d432:1431:ba23:846f\') |\n+--------------------------------------+\n| 1 |\n+--------------------------------------+\n1 row in set (0.02 sec)\n \nSELECT IS_IPV6(\'10.0.1.1\');\n+---------------------+\n| IS_IPV6(\'10.0.1.1\') |\n+---------------------+\n| 0 |\n+---------------------+\n \n\n \n \n \n \n \n \n \n\nURL: https://mariadb.com/kb/en/is_ipv6/','','https://mariadb.com/kb/en/is_ipv6/');
insert into help_topic (help_topic_id,help_category_id,name,description,example,url) values (168,14,'IS_USED_LOCK','Syntax\n------ \nIS_USED_LOCK(str)\n \nDescription\n----------- \nChecks whether the lock named str is in use (that is,\nlocked). If so,\nit returns the connection identifier of the client that\nholds the\nlock. Otherwise, it returns NULL. str is case insensitive.\n \nIf the metadata_lock_info plugin is installed, the\nInformation Schema metadata_lock_info table contains\ninformation about locks of this kind (as well as metadata\nlocks).\n \nStatements using the IS_USED_LOCK() function are not safe\nfor replication.\n \n\n\nURL: https://mariadb.com/kb/en/is_used_lock/','','https://mariadb.com/kb/en/is_used_lock/');
insert into help_topic (help_topic_id,help_category_id,name,description,example,url) values (169,14,'MASTER_GTID_WAIT','MASTER_GTID_WAIT() was included in MariaDB 10.0.9.\n \nSyntax\n------ \nMASTER_GTID_WAIT(gtid-list[, timeout)\n \nDescription\n----------- \nThis function takes a string containing a comma-separated\nlist of global transaction id\'s\n(similar to the value of, for example, gtid_binlog_pos). It\nwaits until the value of gtid_slave_pos has the same or\nhigher seq_no within all replication domains specified in\nthe gtid-list; in other words, it waits until the slave has\nreached the specified GTID position.\n \nAn optional second argument gives a timeout in seconds. If\nthe timeout\nexpires before the specified GTID position is reached, then\nthe function\nreturns -1. Passing NULL or a negative number for the\ntimeout means no timeout, and the function will wait\nindefinitely.\n \n If the wait completes without a timeout, 0 is returned.\nPassing NULL for the\n gtid-list makes the function return NULL immediately,\nwithout waiting.\n \nThe gtid-list may be the empty string, in which case\nMASTER_GTID_WAIT()\nreturns immediately. If the gtid-list contains fewer domains\nthan\ngtid_slave_pos, then only those domains are waited upon. If\ngtid-list\ncontains a domain that is not present in @@gtid_slave_pos,\nthen\nMASTER_GTID_WAIT() will wait until an event containing such\ndomain_id arrives\non the slave (or until timed out or killed).\n \nMASTER_GTID_WAIT() can be useful to ensure that a slave has\ncaught up to\na master. Simply take the value of gtid_binlog_pos on the\nmaster, and use it in a MASTER_GTID_WAIT() call on the\nslave; when the call completes, the slave\nwill have caught up with that master position.\n \nMASTER_GTID_WAIT() can also be used in client applications\ntogether with the\nlast_gtid session variable. This is useful in a\nread-scaleout replication setup, where the application\nwrites to a single master but divides the\nreads out to a number of slaves to distribute the load. In\nsuch a setup, there\nis a risk that an application could first do an update on\nthe master, and then\na bit later do a read on a slave, and if the slave is not\nfast enough, the\ndata read from the slave might not include the update just\nmade, possibly\nconfusing the application and/or the end-user. One way to\navoid this is to\nrequest the value of last_gtid on the master just after the\nupdate. Then\nbefore doing the read on the slave, do a MASTER_GTID_WAIT()\non the value\nobtained from the master; this will ensure that the read is\nnot performed\nuntil the slave has replicated sufficiently far for the\nupdate to have become\nvisible.\n \nNote that MASTER_GTID_WAIT() can be used even if the slave\nis configured not\nto use GTID for connections (CHANGE MASTER TO\nmaster_use_gtid=no). This is\nbecause from MariaDB 10, GTIDs are always logged on the\nmaster server, and\nalways recorded on the slave servers.\n \nDifferences to MASTER_POS_WAIT()\n \nMASTER_GTID_WAIT() is global; it waits for any master\nconnection to reach\n the specified GTID position. MASTER_POS_WAIT() works only\nagainst a\n specific connection. This also means that while\nMASTER_POS_WAIT() aborts if\n its master connection is terminated with STOP SLAVE or due\nto an error,\n MASTER_GTID_WAIT() continues to wait while slaves are\nstopped.\n \nMASTER_GTID_WAIT() can take its timeout as a floating-point\nvalue, so a\n timeout in fractional seconds is supported, eg.\nMASTER_GTID_WAIT(\"0-1-100\",\n 0.5). (The minimum wait is one microsecond, 0.000001\nseconds).\n \nMASTER_GTID_WAIT() allows one to specify a timeout of zero\nin order to do a\n non-blocking check to see if the slaves have progressed to\na specific GTID position\n (MASTER_POS_WAIT() takes a zero timeout as meaning an\ninfinite wait). To do\n an infinite MASTER_GTID_WAIT(), specify a negative timeout,\nor omit the\n timeout argument.\n \nMASTER_GTID_WAIT() does not return the number of events\nexecuted since the\n wait started, nor does it return NULL if a slave thread is\nstopped. It\n always returns either 0 for successful wait completed, or\n-1 for timeout\n reached (or NULL if the specified gtid-pos is NULL).\n \nSince MASTER_GTID_WAIT() looks only at the seq_no part of\nthe GTIDs, not the\nserver_id, care is needed if a slave becomes diverged from\nanother server so\nthat two different GTIDs with the same seq_no (in the same\ndomain) arrive at\nthe same server. This situation is in any case best avoided;\nsetting\ngtid_strict_mode is recommended, as this will prevent any\nsuch out-of-order sequence numbers from ever being\nreplicated on a slave.\n \n\n \n \n \n \n \n \n \n\nURL: https://mariadb.com/kb/en/master_gtid_wait/','','https://mariadb.com/kb/en/master_gtid_wait/');
insert into help_topic (help_topic_id,help_category_id,name,description,example,url) values (170,14,'MASTER_POS_WAIT','MASTER_POS_WAIT was introduced in MariaDB 10.0.9.\n \nSyntax\n------ \nMASTER_POS_WAIT(log_name,log_pos[,timeout,[\"connection_name\"]])\n \nDescription\n----------- \nThis function is useful in replication for controlling\nmaster/slave synchronization. It blocks until the slave has\nread and applied all updates up to the specified position\n(log_name,log_pos) in the master log. The return value is\nthe number of log events the slave had to wait for to\nadvance to the specified position. The function returns NULL\nif\nthe slave SQL thread is not started, the slave\'s master\ninformation is not\ninitialized, the arguments are incorrect, or an error\noccurs. It returns -1 if\nthe timeout has been exceeded. If the slave SQL thread stops\nwhile\n MASTER_POS_WAIT() is waiting, the function returns NULL. If\nthe slave is past the specified position, the function\nreturns immediately.\n \nIf a timeout value is specified, MASTER_POS_WAIT() stops\nwaiting when timeout seconds have elapsed. timeout must be\ngreater than 0; a\nzero or negative timeout means no timeout.\n \nThe connection_name is used when you are using\nmulti-source-replication. If you don\'t specify it, it\'s\nset to the value of the default_master_connection system\nvariable.\n \nStatements using the MASTER_POS_WAIT() function are not safe\nfor replication.\n \n\n \n \n \n \n \n \n \n\nURL: https://mariadb.com/kb/en/master_pos_wait/','','https://mariadb.com/kb/en/master_pos_wait/');
insert into help_topic (help_topic_id,help_category_id,name,description,example,url) values (171,14,'NAME_CONST','Syntax\n------ \nNAME_CONST(name,value)\n \nDescription\n----------- \nReturns the given value. When used to produce a result set\ncolumn,\n NAME_CONST() causes the column to have the given name. The\narguments should be constants.\n \nThis function is used internally when replicating stored\nprocedures. It makes little sense to use it explicitly in\nSQL statements, and it was not supposed to be used like\nthat.\n \nSELECT NAME_CONST(\'myname\', 14);\n+--------+\n| myname |\n+--------+\n| 14 |\n+--------+\n \n\n \n \n \n \n \n \n \n\nURL: https://mariadb.com/kb/en/name_const/','','https://mariadb.com/kb/en/name_const/');
insert into help_topic (help_topic_id,help_category_id,name,description,example,url) values (172,14,'RELEASE_LOCK','Syntax\n------ \nRELEASE_LOCK(str)\n \nDescription\n----------- \nReleases the lock named by the string str that was obtained\nwith GET_LOCK(). Returns 1 if the lock was released, 0 if\nthe lock was not established by this thread (in which case\nthe lock is not\nreleased), and NULL if the named lock did not exist. The\nlock does not exist if it was never obtained by a call to\nGET_LOCK() or if it has previously been released.\n \nMariaDB until 10.0.1\n \nBefore 10.0.2, GET_LOCK() released the existing lock, if\nany. Since 10.0.2 this does not happen, because multiple\nlocks are allowed.\n \nstr is case insensitive. If str is an empty string or NULL,\nRELEASE_LOCK() returns NULL and does nothing.\n \nStatements using the RELEASE_LOCK() function are not safe\nfor replication.\n \nThe DO statement is convenient to use with RELEASE_LOCK().\n \nExamples\n-------- \nConnection1:\n \nSELECT GET_LOCK(\'lock1\',10);\n+----------------------+\n| GET_LOCK(\'lock1\',10) |\n+----------------------+\n| 1 |\n+----------------------+\n \nConnection 2:\n \nSELECT GET_LOCK(\'lock2\',10);\n+----------------------+\n| GET_LOCK(\'lock2\',10) |\n+----------------------+\n| 1 |\n+----------------------+\n \nConnection 1:\n \nSELECT RELEASE_LOCK(\'lock1\'), RELEASE_LOCK(\'lock2\'),\nRELEASE_LOCK(\'lock3\');\n+-----------------------+-----------------------+-----------------------+\n| RELEASE_LOCK(\'lock1\') | RELEASE_LOCK(\'lock2\') |\nRELEASE_LOCK(\'lock3\') |\n+-----------------------+-----------------------+-----------------------+\n| 1 | 0 | NULL |\n+-----------------------+-----------------------+-----------------------+\n \nFrom MariaDB 10.0.2, it is possible to hold the same lock\nrecursively. This example is viewed using the\nmetadata_lock_info plugin:\n \nSELECT GET_LOCK(\'lock3\',10);\n+----------------------+\n| GET_LOCK(\'lock3\',10) |\n+----------------------+\n| 1 |\n+----------------------+\n \nSELECT GET_LOCK(\'lock3\',10);\n+----------------------+\n| GET_LOCK(\'lock3\',10) |\n+----------------------+\n| 1 |\n+----------------------+\n \nSELECT * FROM INFORMATION_SCHEMA.METADATA_LOCK_INFO;\n \n+-----------+---------------------+---------------+-----------+--------------+------------+\n| THREAD_ID | LOCK_MODE | LOCK_DURATION | LOCK_TYPE |\nTABLE_SCHEMA | TABLE_NAME |\n+-----------+---------------------+---------------+-----------+--------------+------------+\n| 46 | MDL_SHARED_NO_WRITE | NULL | User lock | lock3 | |\n+-----------+---------------------+---------------+-----------+--------------+------------+\n \nSELECT RELEASE_LOCK(\'lock3\');\n+-----------------------+\n| RELEASE_LOCK(\'lock3\') |\n+-----------------------+\n| 1 |\n+-----------------------+\n \nSELECT * FROM INFORMATION_SCHEMA.METADATA_LOCK_INFO;\n \n+-----------+---------------------+---------------+-----------+--------------+------------+\n| THREAD_ID | LOCK_MODE | LOCK_DURATION | LOCK_TYPE |\nTABLE_SCHEMA | TABLE_NAME |\n+-----------+---------------------+---------------+-----------+--------------+------------+\n| 46 | MDL_SHARED_NO_WRITE | NULL | User lock | lock3 | |\n+-----------+---------------------+---------------+-----------+--------------+------------+\n \nSELECT RELEASE_LOCK(\'lock3\');\n+-----------------------+\n| RELEASE_LOCK(\'lock3\') |\n+-----------------------+\n| 1 |\n+-----------------------+\n \nSELECT * FROM INFORMATION_SCHEMA.METADATA_LOCK_INFO;\n \nEmpty set (0.000 sec)\n \n\n\nURL: https://mariadb.com/kb/en/release_lock/','','https://mariadb.com/kb/en/release_lock/');
insert into help_topic (help_topic_id,help_category_id,name,description,example,url) values (173,14,'SLEEP','Syntax\n------ \nSLEEP(duration)\n \nDescription\n----------- \nSleeps (pauses) for the number of seconds given by the\nduration argument, then\nreturns 0. If SLEEP() is interrupted, it\nreturns 1. The duration may have a fractional part given in\nmicroseconds.\n \nStatements using the SLEEP() function are not safe for\nreplication.\n \nExample\n \nSELECT SLEEP(5.5);\n+------------+\n| SLEEP(5.5) |\n+------------+\n| 0 |\n+------------+\n1 row in set (5.50 sec)\n \n\n \n \n \n \n \n \n \n\nURL: https://mariadb.com/kb/en/sleep/','','https://mariadb.com/kb/en/sleep/');
insert into help_topic (help_topic_id,help_category_id,name,description,example,url) values (174,14,'UUID','Syntax\n------ \nUUID()\n \nDescription\n----------- \nReturns a Universal Unique Identifier (UUID) generated\naccording to \"DCE 1.1:\nRemote Procedure Call\" (Appendix A) CAE (Common\nApplications Environment)\nSpecifications published by The Open Group in October\n1997 \n(Document Number C706).\n \nA UUID is designed as a number that is globally unique in\nspace and time. Two\ncalls to UUID() are expected to generate two different\nvalues, even if these calls are performed on two separate\ncomputers that are\nnot connected to each other.\n \nA UUID is a 128-bit number represented by a utf8 string of\nfive\nhexadecimal numbers in aaaaaaaa-bbbb-cccc-dddd-eeeeeeeeeeee\nformat:\nThe first three numbers are generated from a timestamp.\nThe fourth number preserves temporal uniqueness in case the\ntimestamp value\n loses monotonicity (for example, due to daylight saving\ntime).\nThe fifth number is an IEEE 802 node number that provides\nspatial uniqueness.\n A random number is substituted if the latter is not\navailable (for example,\n because the host computer has no Ethernet card, or we do\nnot know how to find\n the hardware address of an interface on your operating\nsystem). In this case,\n spatial uniqueness cannot be guaranteed. Nevertheless, a\ncollision should\n have very low probability.\n \nCurrently, the MAC address of an interface is taken into\naccount only on FreeBSD and Linux. On other operating\nsystems, MariaDB uses a randomly generated 48-bit number.\n \nStatements using the UUID() function are not safe for\nreplication.\n \nUUID() results are intended to be unique, but cannot always\nbe relied upon to unpredictable and unguessable, so should\nnot be relied upon for these purposes.\n \nExamples\n-------- \nSELECT UUID();\n+--------------------------------------+\n| UUID() |\n+--------------------------------------+\n| cd41294a-afb0-11df-bc9b-00241dd75637 |\n+--------------------------------------+\n \n\n\nURL: https://mariadb.com/kb/en/uuid/','','https://mariadb.com/kb/en/uuid/');
insert into help_topic (help_topic_id,help_category_id,name,description,example,url) values (175,14,'UUID_SHORT','Syntax\n------ \nUUID_SHORT()\n \nDescription\n----------- \nReturns a \"short\" universal identifier as a 64-bit\nunsigned integer (rather\nthan a string-form 128-bit identifier as returned by the\nUUID() function).\n \nThe value of UUID_SHORT() is guaranteed to be unique if the\nfollowing conditions hold:\nThe server_id of the current host is unique among your set\nof master and\n slave servers\nserver_id is between 0 and 255\nYou don\'t set back your system time for your server between\nmysqld restarts\nYou do not invoke UUID_SHORT() on average more than 16\n million times per second between mysqld restarts\n \nThe UUID_SHORT() return value is constructed this way:\n \n (server_id & 255) \n\nURL: https://mariadb.com/kb/en/uuid_short/','','https://mariadb.com/kb/en/uuid_short/');
insert into help_topic (help_topic_id,help_category_id,name,description,example,url) values (176,14,'VALUES / VALUE','Syntax\n------ \nVALUE(col_name) \n \nMariaDB until 10.3.2\n \nVALUES(col_name) \n \nDescription\n----------- \nIn an INSERT ... ON DUPLICATE KEY UPDATE statement, you can\nuse the VALUES(col_name) function in the UPDATE clause to\nrefer to column values from the INSERT portion of the\nstatement. In other words, VALUES(col_name) in the UPDATE\nclause refers to the value of col_name that would be\ninserted, had no duplicate-key conflict occurred. This\nfunction is especially useful in multiple-row inserts.\n \nThe VALUES() function is meaningful only in INSERT ... ON\nDUPLICATE KEY UPDATE statements and returns NULL otherwise.\n \nIn MariaDB 10.3.3 this function was renamed to VALUE(),\nbecause it\'s incompatible with the standard Table Value\nConstructors syntax, implemented in MariaDB 10.3.3.\n \nThe VALUES() function can still be used even from MariaDB\n10.3.3, but only in INSERT ... ON DUPLICATE KEY UPDATE\nstatements; it\'s a syntax error otherwise.\n \nExamples\n-------- \nINSERT INTO t (a,b,c) VALUES (1,2,3),(4,5,6)\n ON DUPLICATE KEY UPDATE c=VALUE(a)+VALUE(b);\n \nMariaDB until 10.3.2\n \nINSERT INTO t (a,b,c) VALUES (1,2,3),(4,5,6)\n ON DUPLICATE KEY UPDATE c=VALUES(a)+VALUES(b);\n \n\n \n \n \n \n \n \n \n\nURL: https://mariadb.com/kb/en/values-value/','','https://mariadb.com/kb/en/values-value/');
insert into help_topic (help_topic_id,help_category_id,name,description,example,url) values (177,15,'!','Syntax\n------ \nNOT, !\n \nDescription\n----------- \nLogical NOT. Evaluates to 1 if the operand is 0, to 0 if the\noperand\nis non-zero, and NOT NULL returns NULL.\n \nBy default, the ! operator has a higher precedence. If the\nHIGH_NOT_PRECEDENCE SQL_MODE flag is set, NOT and ! have the\nsame precedence.\n \nExamples\n-------- \nSELECT NOT 10;\n \n+--------+\n| NOT 10 |\n+--------+\n| 0 |\n+--------+\n \nSELECT NOT 0;\n \n+-------+\n| NOT 0 |\n+-------+\n| 1 |\n+-------+\n \nSELECT NOT NULL;\n \n+----------+\n| NOT NULL |\n+----------+\n| NULL |\n+----------+\n \nSELECT ! (1+1);\n+---------+\n| ! (1+1) |\n+---------+\n| 0 |\n+---------+\n \nSELECT ! 1+1;\n \n+-------+\n| ! 1+1 |\n+-------+\n| 1 |\n+-------+\n \n\n \n \n \n \n \n \n \n\nURL: https://mariadb.com/kb/en/not/','','https://mariadb.com/kb/en/not/');
insert into help_topic (help_topic_id,help_category_id,name,description,example,url) values (178,15,'&amp;&amp;','Syntax\n------ \nAND, &&\n \nDescription\n----------- \nLogical AND. Evaluates to 1 if all operands are non-zero and\nnot NULL,\nto 0 if one or more operands are 0, otherwise NULL is\nreturned.\n \nFor this operator, short-circuit evaluation can be used.\n \nExamples\n-------- \nSELECT 1 && 1;\n \n+--------+\n| 1 && 1 |\n+--------+\n| 1 |\n+--------+\n \nSELECT 1 && 0;\n \n+--------+\n| 1 && 0 |\n+--------+\n| 0 |\n+--------+\n \nSELECT 1 && NULL;\n \n+-----------+\n| 1 && NULL |\n+-----------+\n| NULL |\n+-----------+\n \nSELECT 0 && NULL;\n \n+-----------+\n| 0 && NULL |\n+-----------+\n| 0 |\n+-----------+\n \nSELECT NULL && 0;\n \n+-----------+\n| NULL && 0 |\n+-----------+\n| 0 |\n+-----------+\n \n\n \n \n \n \n \n \n \n\nURL: https://mariadb.com/kb/en/and/','','https://mariadb.com/kb/en/and/');
insert into help_topic (help_topic_id,help_category_id,name,description,example,url) values (179,15,'||','Syntax\n------ \nOR, ||\n \nDescription\n----------- \nLogical OR. When both operands are non-NULL, the result is 1\nif any\noperand is non-zero, and 0 otherwise. With a NULL operand,\nthe result\nis 1 if the other operand is non-zero, and NULL otherwise.\nIf both\noperands are NULL, the result is NULL.\n \nFor this operator, short-circuit evaluation can be used.\n \nNote that, if the PIPES_AS_CONCAT SQL_MODE is set, || is\nused as a string concatenation operator. This means that a\n|| b is the same as CONCAT(a,b). See CONCAT() for details.\n \nOracle Mode\n \nIn Oracle mode from MariaDB 10.3, || ignores NULL.\n \nExamples\n-------- \nSELECT 1 || 1;\n \n+--------+\n| 1 || 1 |\n+--------+\n| 1 |\n+--------+\n \nSELECT 1 || 0;\n \n+--------+\n| 1 || 0 |\n+--------+\n| 1 |\n+--------+\n \nSELECT 0 || 0;\n \n+--------+\n| 0 || 0 |\n+--------+\n| 0 |\n+--------+\n \nSELECT 0 || NULL;\n \n+-----------+\n| 0 || NULL |\n+-----------+\n| NULL |\n+-----------+\n \nSELECT 1 || NULL;\n \n+-----------+\n| 1 || NULL |\n+-----------+\n| 1 |\n+-----------+\n \nIn Oracle mode, from MariaDB 10.3:\n \nSELECT 0 || NULL;\n \n+-----------+\n| 0 || NULL |\n+-----------+\n| 0 |\n+-----------+\n \n\n\nURL: https://mariadb.com/kb/en/or/','','https://mariadb.com/kb/en/or/');
insert into help_topic (help_topic_id,help_category_id,name,description,example,url) values (180,15,'XOR','Syntax\n------ \nXOR\n \nDescription\n----------- \nXOR stands for eXclusive OR. Returns NULL if either operand\nis NULL. For non-NULL\noperands, evaluates to 1 if an odd number of operands is\nnon-zero,\notherwise 0 is returned.\n \nExamples\n-------- \nSELECT 1 XOR 1;\n \n+---------+\n| 1 XOR 1 |\n+---------+\n| 0 |\n+---------+\n \nSELECT 1 XOR 0;\n \n+---------+\n| 1 XOR 0 |\n+---------+\n| 1 |\n+---------+\n \nSELECT 1 XOR NULL;\n \n+------------+\n| 1 XOR NULL |\n+------------+\n| NULL |\n+------------+\n \nIn the following example, the right 1 XOR 1 is evaluated\nfirst, and returns 0. Then, 1 XOR 0 is evaluated, and 1 is\nreturned.\n \nSELECT 1 XOR 1 XOR 1;\n \n+---------------+\n| 1 XOR 1 XOR 1 |\n+---------------+\n| 1 |\n+---------------+\n \n\n \n \n \n \n \n \n \n\nURL: https://mariadb.com/kb/en/xor/','','https://mariadb.com/kb/en/xor/');
insert into help_topic (help_topic_id,help_category_id,name,description,example,url) values (181,15,'Assignment Operator (=)','Syntax\n------ \nidentifier = expr\n \nDescription\n----------- \nThe equal sign is used as both an assignment operator in\ncertain contexts, and as a comparison operator. When used as\nassignment operator, the value on the right is assigned to\nthe variable (or column, in some contexts) on the left.\n \nSince its use can be ambiguous, unlike the := assignment\noperator, the = assignment operator cannot be used in all\ncontexts, and is only valid as part of a SET statement, or\nthe SET clause of an UPDATE statement\n \nThis operator works with both user-defined variables and\nlocal variables.\n \nExamples\n-------- \nUPDATE table_name SET x = 2 WHERE x > 100;\n \nSET @x = 1, @y := 2;\n \n\n \n \n \n \n \n \n \n \n\nURL:\nhttps://mariadb.com/kb/en/assignment-operators-assignment-operator/','','https://mariadb.com/kb/en/assignment-operators-assignment-operator/');
insert into help_topic (help_topic_id,help_category_id,name,description,example,url) values (182,15,'Assignment Operator (:=)','Syntax\n------ \nvar_name := expr\n \nDescription\n----------- \nAssignment operator for assigning a value. The value on the\nright is assigned to the variable on left.\n \nUnlike the = operator, := can always be used to assign a\nvalue to a variable.\n \nThis operator works with both user-defined variables and\nlocal variables.\n \nWhen assigning the same value to several variables,\nLAST_VALUE() can be useful.\n \nExamples\n-------- \n SELECT @x := 10;\n \n+----------+\n| @x := 10 |\n+----------+\n| 10 |\n+----------+\n \nSELECT @x, @y := @x;\n \n+------+----------+\n| @x | @y := @x |\n+------+----------+\n| 10 | 10 |\n+------+----------+\n \n\n \n \n \n \n \n \n \n\nURL: https://mariadb.com/kb/en/assignment-operator/','','https://mariadb.com/kb/en/assignment-operator/');
insert into help_topic (help_topic_id,help_category_id,name,description,example,url) values (183,16,'Stored Aggregate Functions','The ability to create stored aggregate functions was added\nin MariaDB 10.3.3.\n \nAggregate functions are functions that are computed over a\nsequence of rows and return one result for the sequence of\nrows.\n \nCreating a custom aggregate function is done using the\nCREATE FUNCTION statement with two main differences:\nThe addition of the AGGREGATE keyword, so CREATE AGGREGATE\nFUNCTION\nThe FETCH GROUP NEXT ROW instruction inside the loop\nOracle PL/SQL compatibility using SQL/PL is provided\n \nStandard Syntax\n \nCREATE AGGREGATE FUNCTION function_name (parameters) RETURNS\nreturn_type\nBEGIN\n All types of declarations\n DECLARE CONTINUE HANDLER FOR NOT FOUND RETURN return_val;\n LOOP\n FETCH GROUP NEXT ROW; // fetches next row from table\n other instructions\n END LOOP;\nEND\n \nStored aggregate functions were a 2016 Google Summer of Code\nproject by Varun Gupta.\n \nUsing SQL/PL\n \nSET sql_mode=Oracle;\nDELIMITER //\n \nCREATE AGGREGATE FUNCTION function_name (parameters) RETURN\nreturn_type\n declarations\nBEGIN\n LOOP\n FETCH GROUP NEXT ROW; -- fetches next row from table\n -- other instructions\n \n END LOOP;\nEXCEPTION\n WHEN NO_DATA_FOUND THEN\n RETURN return_val;\nEND //\n \nDELIMITER ;\n \nExamples\n-------- \nFirst a simplified example:\n \nCREATE TABLE marks(stud_id INT, grade_count INT);\n \nINSERT INTO marks VALUES (1,6), (2,4), (3,7), (4,5), (5,8);\n \nSELECT * FROM marks;\n \n+---------+-------------+\n| stud_id | grade_count |\n+---------+-------------+\n| 1 | 6 |\n| 2 | 4 |\n| 3 | 7 |\n| 4 | 5 |\n| 5 | 8 |\n+---------+-------------+\n \nDELIMITER //\nCREATE AGGREGATE FUNCTION IF NOT EXISTS aggregate_count(x\nINT) RETURNS INT\nBEGIN\n DECLARE count_students INT DEFAULT 0;\n \n DECLARE CONTINUE HANDLER FOR NOT FOUND\n RETURN count_students;\n \n LOOP\n FETCH GROUP NEXT ROW;\n \n IF x THEN\n SET count_students = count_students+1;\n \n END IF;\n \n END LOOP;\n \nEND //\nDELIMITER ;\n \nA non-trivial example that cannot easily be rewritten using\nexisting functions:\n \nDELIMITER //\nCREATE AGGREGATE FUNCTION medi_int(x INT) RETURNS DOUBLE\nBEGIN\n DECLARE CONTINUE HANDLER FOR NOT FOUND\n BEGIN\n DECLARE res DOUBLE;\n \n DECLARE cnt INT DEFAULT (SELECT COUNT(*) FROM tt);\n DECLARE lim INT DEFAULT (cnt-1) DIV 2;\n \n IF cnt % 2 = 0 THEN\n SET res = (SELECT AVG(a) FROM (SELECT a FROM tt ORDER BY a\nLIMIT lim,2) ttt);\n ELSE\n SET res = (SELECT a FROM tt ORDER BY a LIMIT lim,1);\n END IF;\n \n DROP TEMPORARY TABLE tt;\n \n RETURN res;\n \n END;\n \n CREATE TEMPORARY TABLE tt (a INT);\n LOOP\n FETCH GROUP NEXT ROW;\n \n INSERT INTO tt VALUES (x);\n END LOOP;\n \nEND //\nDELIMITER ;\n \nSQL/PL Example\n \nThis uses the same marks table as created above.\n \nSET sql_mode=Oracle;\n \nDELIMITER //\n \nCREATE AGGREGATE FUNCTION aggregate_count(x INT) RETURN INT\nAS count_students INT DEFAULT 0;\n \nBEGIN\n LOOP\n FETCH GROUP NEXT ROW;\n \n IF x THEN\n SET count_students := count_students+1;\n \n END IF;\n \n END LOOP;\n \nEXCEPTION\n WHEN NO_DATA_FOUND THEN\n RETURN count_students;\n \nEND aggregate_count //\nDELIMITER ;\n \nSELECT aggregate_count(stud_id) FROM marks;\n \n\n\nURL: https://mariadb.com/kb/en/stored-aggregate-functions/','','https://mariadb.com/kb/en/stored-aggregate-functions/');
insert into help_topic (help_topic_id,help_category_id,name,description,example,url) values (184,16,'AVG','Syntax\n------ \nAVG([DISTINCT] expr)\n \nDescription\n----------- \nReturns the average value of expr. The DISTINCT option can\nbe used to return the average of the distinct values of\nexpr. NULL values are ignored. It is an aggregate function,\nand so can be used with the GROUP BY clause.\n \nAVG() returns NULL if there were no matching rows.\n \nFrom MariaDB 10.2.0, AVG() can be used as a window function.\n \nExamples\n-------- \nCREATE TABLE sales (sales_value INT);\n \nINSERT INTO sales VALUES(10),(20),(20),(40);\n \nSELECT AVG(sales_value) FROM sales;\n \n+------------------+\n| AVG(sales_value) |\n+------------------+\n| 22.5000 |\n+------------------+\n \nSELECT AVG(DISTINCT(sales_value)) FROM sales;\n \n+----------------------------+\n| AVG(DISTINCT(sales_value)) |\n+----------------------------+\n| 23.3333 |\n+----------------------------+\n \nCommonly, AVG() is used with a GROUP BY clause:\n \nCREATE TABLE student (name CHAR(10), test CHAR(10), score\nTINYINT); \n \nINSERT INTO student VALUES \n (\'Chun\', \'SQL\', 75), (\'Chun\', \'Tuning\', 73), \n (\'Esben\', \'SQL\', 43), (\'Esben\', \'Tuning\', 31), \n (\'Kaolin\', \'SQL\', 56), (\'Kaolin\', \'Tuning\', 88), \n (\'Tatiana\', \'SQL\', 87), (\'Tatiana\', \'Tuning\', 83);\n \nSELECT name, AVG(score) FROM student GROUP BY name;\n \n+---------+------------+\n| name | AVG(score) |\n+---------+------------+\n| Chun | 74.0000 |\n| Esben | 37.0000 |\n| Kaolin | 72.0000 |\n| Tatiana | 85.0000 |\n+---------+------------+\n \nBe careful to avoid this common mistake, not grouping\ncorrectly and returning mismatched data: \n \nSELECT name,test,AVG(score) FROM student;\n \n+------+------+------------+\n| name | test | MIN(score) |\n+------+------+------------+\n| Chun | SQL | 31 |\n+------+------+------------+\n \nAs a window function:\n \nCREATE TABLE student_test (name CHAR(10), test CHAR(10),\nscore TINYINT); \n \nINSERT INTO student_test VALUES \n (\'Chun\', \'SQL\', 75), (\'Chun\', \'Tuning\', 73), \n (\'Esben\', \'SQL\', 43), (\'Esben\', \'Tuning\', 31), \n (\'Kaolin\', \'SQL\', 56), (\'Kaolin\', \'Tuning\', 88), \n (\'Tatiana\', \'SQL\', 87), (\'Tatiana\', \'Tuning\', 83);\n \nSELECT name, test, score, AVG(score) OVER (PARTITION BY\ntest) \n AS average_by_test FROM student_test;\n \n+---------+--------+-------+-----------------+\n| name | test | score | average_by_test |\n+---------+--------+-------+-----------------+\n| Chun | SQL | 75 | 65.2500 |\n| Chun | Tuning | 73 | 68.7500 |\n| Esben | SQL | 43 | 65.2500 |\n| Esben | Tuning | 31 | 68.7500 |\n| Kaolin | SQL | 56 | 65.2500 |\n| Kaolin | Tuning | 88 | 68.7500 |\n| Tatiana | SQL | 87 | 65.2500 |\n| Tatiana | Tuning | 83 | 68.7500 |\n+---------+--------+-------+-----------------+\n \n\n\nURL: https://mariadb.com/kb/en/avg/','','https://mariadb.com/kb/en/avg/');
insert into help_topic (help_topic_id,help_category_id,name,description,example,url) values (185,16,'BIT_AND','Syntax\n------ \nBIT_AND(expr)\n \nDescription\n----------- \nReturns the bitwise AND of all bits in expr. The calculation\nis performed with 64-bit (BIGINT) precision. It is an\naggregate function, and so can be used with the GROUP BY\nclause.\n \nFrom MariaDB 10.2.0, BIT_AND() can be used as a window\nfunction.\n \nExamples\n-------- \nCREATE TABLE vals (x INT);\n \nINSERT INTO vals VALUES(111),(110),(100);\n \nSELECT BIT_AND(x), BIT_OR(x), BIT_XOR(x) FROM vals;\n \n+------------+-----------+------------+\n| BIT_AND(x) | BIT_OR(x) | BIT_XOR(x) |\n+------------+-----------+------------+\n| 100 | 111 | 101 |\n+------------+-----------+------------+\n \nAs an aggregate function:\n \nCREATE TABLE vals2 (category VARCHAR(1), x INT);\n \nINSERT INTO vals2 VALUES\n (\'a\',111),(\'a\',110),(\'a\',100),\n (\'b\',\'000\'),(\'b\',001),(\'b\',011);\n \nSELECT category, BIT_AND(x), BIT_OR(x), BIT_XOR(x) \n FROM vals GROUP BY category;\n \n+----------+------------+-----------+------------+\n| category | BIT_AND(x) | BIT_OR(x) | BIT_XOR(x) |\n+----------+------------+-----------+------------+\n| a | 100 | 111 | 101 |\n| b | 0 | 11 | 10 |\n+----------+------------+-----------+------------+\n \n\n\nURL: https://mariadb.com/kb/en/bit_and/','','https://mariadb.com/kb/en/bit_and/');
insert into help_topic (help_topic_id,help_category_id,name,description,example,url) values (186,16,'BIT_OR','Syntax\n------ \nBIT_OR(expr)\n \nDescription\n----------- \nReturns the bitwise OR of all bits in expr. The calculation\nis performed with 64-bit (BIGINT) precision. It is an\naggregate function, and so can be used with the GROUP BY\nclause.\n \nFrom MariaDB 10.2.0, BIT_OR can be used as a window\nfunction.\n \nExamples\n-------- \nCREATE TABLE vals (x INT);\n \nINSERT INTO vals VALUES(111),(110),(100);\n \nSELECT BIT_AND(x), BIT_OR(x), BIT_XOR(x) FROM vals;\n \n+------------+-----------+------------+\n| BIT_AND(x) | BIT_OR(x) | BIT_XOR(x) |\n+------------+-----------+------------+\n| 100 | 111 | 101 |\n+------------+-----------+------------+\n \nAs an aggregate function:\n \nCREATE TABLE vals2 (category VARCHAR(1), x INT);\n \nINSERT INTO vals2 VALUES\n (\'a\',111),(\'a\',110),(\'a\',100),\n (\'b\',\'000\'),(\'b\',001),(\'b\',011);\n \nSELECT category, BIT_AND(x), BIT_OR(x), BIT_XOR(x) \n FROM vals GROUP BY category;\n \n+----------+------------+-----------+------------+\n| category | BIT_AND(x) | BIT_OR(x) | BIT_XOR(x) |\n+----------+------------+-----------+------------+\n| a | 100 | 111 | 101 |\n| b | 0 | 11 | 10 |\n+----------+------------+-----------+------------+\n \n\n\nURL: https://mariadb.com/kb/en/bit_or/','','https://mariadb.com/kb/en/bit_or/');
insert into help_topic (help_topic_id,help_category_id,name,description,example,url) values (187,16,'BIT_XOR','Syntax\n------ \nBIT_XOR(expr)\n \nDescription\n----------- \nReturns the bitwise XOR of all bits in expr. The calculation\nis performed with 64-bit (BIGINT) precision. It is an\naggregate function, and so can be used with the GROUP BY\nclause.\n \nFrom MariaDB 10.2.0, BIT_XOR() can be used as a window\nfunction.\n \nExamples\n-------- \nCREATE TABLE vals (x INT);\n \nINSERT INTO vals VALUES(111),(110),(100);\n \nSELECT BIT_AND(x), BIT_OR(x), BIT_XOR(x) FROM vals;\n \n+------------+-----------+------------+\n| BIT_AND(x) | BIT_OR(x) | BIT_XOR(x) |\n+------------+-----------+------------+\n| 100 | 111 | 101 |\n+------------+-----------+------------+\n \nAs an aggregate function:\n \nCREATE TABLE vals2 (category VARCHAR(1), x INT);\n \nINSERT INTO vals2 VALUES\n (\'a\',111),(\'a\',110),(\'a\',100),\n (\'b\',\'000\'),(\'b\',001),(\'b\',011);\n \nSELECT category, BIT_AND(x), BIT_OR(x), BIT_XOR(x) \n FROM vals GROUP BY category;\n \n+----------+------------+-----------+------------+\n| category | BIT_AND(x) | BIT_OR(x) | BIT_XOR(x) |\n+----------+------------+-----------+------------+\n| a | 100 | 111 | 101 |\n| b | 0 | 11 | 10 |\n+----------+------------+-----------+------------+\n \n\n\nURL: https://mariadb.com/kb/en/bit_xor/','','https://mariadb.com/kb/en/bit_xor/');
insert into help_topic (help_topic_id,help_category_id,name,description,example,url) values (188,16,'COUNT','Syntax\n------ \nCOUNT(expr)\n \nDescription\n----------- \nReturns a count of the number of non-NULL values of expr in\nthe rows retrieved by a SELECT statement. The result is a\nBIGINT value. It is an aggregate function, and so can be\nused with the GROUP BY clause.\n \nCOUNT(*) counts the total number of rows in a table.\n \nCOUNT() returns 0 if there were no matching rows.\n \nFrom MariaDB 10.2.0, COUNT() can be used as a window\nfunction.\n \nExamples\n-------- \nCREATE TABLE student (name CHAR(10), test CHAR(10), score\nTINYINT); \n \nINSERT INTO student VALUES \n (\'Chun\', \'SQL\', 75), (\'Chun\', \'Tuning\', 73), \n (\'Esben\', \'SQL\', 43), (\'Esben\', \'Tuning\', 31), \n (\'Kaolin\', \'SQL\', 56), (\'Kaolin\', \'Tuning\', 88), \n (\'Tatiana\', \'SQL\', 87), (\'Tatiana\', \'Tuning\', 83);\n \nSELECT COUNT(*) FROM student;\n \n+----------+\n| COUNT(*) |\n+----------+\n| 8 |\n+----------+\n \nCOUNT(DISTINCT) example:\n \nSELECT COUNT(DISTINCT (name)) FROM student;\n \n+------------------------+\n| COUNT(DISTINCT (name)) |\n+------------------------+\n| 4 |\n+------------------------+\n \nAs a window function\n \nCREATE OR REPLACE TABLE student_test (name CHAR(10), test\nCHAR(10), score TINYINT);\n \nINSERT INTO student_test VALUES \n (\'Chun\', \'SQL\', 75), (\'Chun\', \'Tuning\', 73), \n (\'Esben\', \'SQL\', 43), (\'Esben\', \'Tuning\', 31), \n (\'Kaolin\', \'SQL\', 56), (\'Kaolin\', \'Tuning\', 88), \n (\'Tatiana\', \'SQL\', 87);\n \nSELECT name, test, score, COUNT(score) OVER (PARTITION BY\nname) \n AS tests_written FROM student_test;\n \n+---------+--------+-------+---------------+\n| name | test | score | tests_written |\n+---------+--------+-------+---------------+\n| Chun | SQL | 75 | 2 |\n| Chun | Tuning | 73 | 2 |\n| Esben | SQL | 43 | 2 |\n| Esben | Tuning | 31 | 2 |\n| Kaolin | SQL | 56 | 2 |\n| Kaolin | Tuning | 88 | 2 |\n| Tatiana | SQL | 87 | 1 |\n+---------+--------+-------+---------------+\n \n\n\nURL: https://mariadb.com/kb/en/count/','','https://mariadb.com/kb/en/count/');
insert into help_topic (help_topic_id,help_category_id,name,description,example,url) values (189,16,'GROUP_CONCAT','Syntax\n------ \nGROUP_CONCAT(expr)\n \nDescription\n----------- \nThis function returns a string result with the concatenated\nnon-NULL\nvalues from a group. It returns NULL if there are no\nnon-NULL values.\n \nThe maximum returned length in bytes is determined by the\ngroup_concat_max_len server system variable, which defaults\nto 1M (>= MariaDB 10.2.4) or 1K (\n\nURL: https://mariadb.com/kb/en/group_concat/','','https://mariadb.com/kb/en/group_concat/');
insert into help_topic (help_topic_id,help_category_id,name,description,example,url) values (190,16,'MAX','Syntax\n------ \nMAX([DISTINCT] expr)\n \nDescription\n----------- \nReturns the largest, or maximum, value of expr. MAX() can\nalso take a string\nargument in which case it returns the maximum string value.\nThe DISTINCT\nkeyword can be used to find the maximum of the distinct\nvalues of expr,\nhowever, this produces the same result as omitting DISTINCT.\n \nNote that SET and ENUM fields are currently compared by\ntheir string value rather than their relative position in\nthe set, so MAX() may produce a different highest result\nthan ORDER BY DESC.\n \nIt is an aggregate function, and so can be used with the\nGROUP BY clause.\n \nFrom MariaDB 10.2.2, MAX() can be used as a window function.\n \nMAX() returns NULL if there were no matching rows.\n \nExamples\n-------- \nCREATE TABLE student (name CHAR(10), test CHAR(10), score\nTINYINT); \n \nINSERT INTO student VALUES \n (\'Chun\', \'SQL\', 75), (\'Chun\', \'Tuning\', 73), \n (\'Esben\', \'SQL\', 43), (\'Esben\', \'Tuning\', 31), \n (\'Kaolin\', \'SQL\', 56), (\'Kaolin\', \'Tuning\', 88), \n (\'Tatiana\', \'SQL\', 87), (\'Tatiana\', \'Tuning\', 83);\n \nSELECT name, MAX(score) FROM student GROUP BY name;\n \n+---------+------------+\n| name | MAX(score) |\n+---------+------------+\n| Chun | 75 |\n| Esben | 43 |\n| Kaolin | 88 |\n| Tatiana | 87 |\n+---------+------------+\n \nMAX string:\n \nSELECT MAX(name) FROM student;\n \n+-----------+\n| MAX(name) |\n+-----------+\n| Tatiana |\n+-----------+\n \nBe careful to avoid this common mistake, not grouping\ncorrectly and returning mismatched data: \n \nSELECT name,test,MAX(SCORE) FROM student;\n \n+------+------+------------+\n| name | test | MAX(SCORE) |\n+------+------+------------+\n| Chun | SQL | 88 |\n+------+------+------------+\n \nDifference between ORDER BY DESC and MAX():\n \nCREATE TABLE student2(name CHAR(10),grade\nENUM(\'b\',\'c\',\'a\'));\n \nINSERT INTO student2\nVALUES(\'Chun\',\'b\'),(\'Esben\',\'c\'),(\'Kaolin\',\'a\');\n \nSELECT MAX(grade) FROM student2;\n \n+------------+\n| MAX(grade) |\n+------------+\n| c |\n+------------+\n \nSELECT grade FROM student2 ORDER BY grade DESC LIMIT 1;\n \n+-------+\n| grade |\n+-------+\n| a |\n+-------+\n \nAs a window function:\n \nCREATE OR REPLACE TABLE student_test (name CHAR(10), test\nCHAR(10), score TINYINT);\nINSERT INTO student_test VALUES \n (\'Chun\', \'SQL\', 75), (\'Chun\', \'Tuning\', 73), \n (\'Esben\', \'SQL\', 43), (\'Esben\', \'Tuning\', 31), \n (\'Kaolin\', \'SQL\', 56), (\'Kaolin\', \'Tuning\', 88), \n (\'Tatiana\', \'SQL\', 87);\n \nSELECT name, test, score, MAX(score) \n OVER (PARTITION BY name) AS highest_score FROM\nstudent_test;\n \n+---------+--------+-------+---------------+\n| name | test | score | highest_score |\n+---------+--------+-------+---------------+\n| Chun | SQL | 75 | 75 |\n| Chun | Tuning | 73 | 75 |\n| Esben | SQL | 43 | 43 |\n| Esben | Tuning | 31 | 43 |\n| Kaolin | SQL | 56 | 88 |\n| Kaolin | Tuning | 88 | 88 |\n| Tatiana | SQL | 87 | 87 |\n+---------+--------+-------+---------------+\n \n\n\nURL: https://mariadb.com/kb/en/max/','','https://mariadb.com/kb/en/max/');
insert into help_topic (help_topic_id,help_category_id,name,description,example,url) values (191,16,'MIN','Syntax\n------ \nMIN([DISTINCT] expr)\n \nDescription\n----------- \nReturns the minimum value of expr. MIN() may take a string\nargument, in which case it returns the minimum string value.\nThe DISTINCT\nkeyword can be used to find the minimum of the distinct\nvalues of expr,\nhowever, this produces the same result as omitting DISTINCT.\n \nNote that SET and ENUM fields are currently compared by\ntheir string value rather than their relative position in\nthe set, so MIN() may produce a different lowest result than\nORDER BY ASC.\n \nIt is an aggregate function, and so can be used with the\nGROUP BY clause.\n \nFrom MariaDB 10.2.2, MIN() can be used as a window function.\n \nMIN() returns NULL if there were no matching rows.\n \nExamples\n-------- \nCREATE TABLE student (name CHAR(10), test CHAR(10), score\nTINYINT); \n \nINSERT INTO student VALUES \n (\'Chun\', \'SQL\', 75), (\'Chun\', \'Tuning\', 73), \n (\'Esben\', \'SQL\', 43), (\'Esben\', \'Tuning\', 31), \n (\'Kaolin\', \'SQL\', 56), (\'Kaolin\', \'Tuning\', 88), \n (\'Tatiana\', \'SQL\', 87), (\'Tatiana\', \'Tuning\', 83);\n \nSELECT name, MIN(score) FROM student GROUP BY name;\n \n+---------+------------+\n| name | MIN(score) |\n+---------+------------+\n| Chun | 73 |\n| Esben | 31 |\n| Kaolin | 56 |\n| Tatiana | 83 |\n+---------+------------+\n \nMIN() with a string:\n \nSELECT MIN(name) FROM student;\n \n+-----------+\n| MIN(name) |\n+-----------+\n| Chun |\n+-----------+\n \nBe careful to avoid this common mistake, not grouping\ncorrectly and returning mismatched data: \n \nSELECT name,test,MIN(score) FROM student;\n \n+------+------+------------+\n| name | test | MIN(score) |\n+------+------+------------+\n| Chun | SQL | 31 |\n+------+------+------------+\n \nDifference between ORDER BY ASC and MIN():\n \nCREATE TABLE student2(name CHAR(10),grade\nENUM(\'b\',\'c\',\'a\'));\n \nINSERT INTO student2\nVALUES(\'Chun\',\'b\'),(\'Esben\',\'c\'),(\'Kaolin\',\'a\');\n \nSELECT MIN(grade) FROM student2;\n \n+------------+\n| MIN(grade) |\n+------------+\n| a |\n+------------+\n \nSELECT grade FROM student2 ORDER BY grade ASC LIMIT 1;\n \n+-------+\n| grade |\n+-------+\n| b |\n+-------+\n \nAs a window function:\n \nCREATE OR REPLACE TABLE student_test (name CHAR(10), test\nCHAR(10), score TINYINT);\nINSERT INTO student_test VALUES \n (\'Chun\', \'SQL\', 75), (\'Chun\', \'Tuning\', 73), \n (\'Esben\', \'SQL\', 43), (\'Esben\', \'Tuning\', 31), \n (\'Kaolin\', \'SQL\', 56), (\'Kaolin\', \'Tuning\', 88), \n (\'Tatiana\', \'SQL\', 87);\n \nSELECT name, test, score, MIN(score) \n OVER (PARTITION BY name) AS lowest_score FROM student_test;\n \n+---------+--------+-------+--------------+\n| name | test | score | lowest_score |\n+---------+--------+-------+--------------+\n| Chun | SQL | 75 | 73 |\n| Chun | Tuning | 73 | 73 |\n| Esben | SQL | 43 | 31 |\n| Esben | Tuning | 31 | 31 |\n| Kaolin | SQL | 56 | 56 |\n| Kaolin | Tuning | 88 | 56 |\n| Tatiana | SQL | 87 | 87 |\n+---------+--------+-------+--------------+\n \n\n\nURL: https://mariadb.com/kb/en/min/','','https://mariadb.com/kb/en/min/');
insert into help_topic (help_topic_id,help_category_id,name,description,example,url) values (192,16,'STD','Syntax\n------ \nSTD(expr)\n \nDescription\n----------- \nReturns the population standard deviation of expr. This is\nan extension\nto standard SQL. The standard SQL function STDDEV_POP() can\nbe used instead. \n \nIt is an aggregate function, and so can be used with the\nGROUP BY clause.\n \nFrom MariaDB 10.2.2, STD() can be used as a window function.\n \nThis function returns NULL if there were no matching rows.\n \nExamples\n-------- \nAs an aggregate function:\n \nCREATE OR REPLACE TABLE stats (category VARCHAR(2), x INT);\n \nINSERT INTO stats VALUES \n (\'a\',1),(\'a\',2),(\'a\',3),\n (\'b\',11),(\'b\',12),(\'b\',20),(\'b\',30),(\'b\',60);\n \nSELECT category, STDDEV_POP(x), STDDEV_SAMP(x), VAR_POP(x) \n FROM stats GROUP BY category;\n \n+----------+---------------+----------------+------------+\n| category | STDDEV_POP(x) | STDDEV_SAMP(x) | VAR_POP(x) |\n+----------+---------------+----------------+------------+\n| a | 0.8165 | 1.0000 | 0.6667 |\n| b | 18.0400 | 20.1693 | 325.4400 |\n+----------+---------------+----------------+------------+\n \nAs a window function:\n \nCREATE OR REPLACE TABLE student_test (name CHAR(10), test\nCHAR(10), score TINYINT);\n \nINSERT INTO student_test VALUES \n (\'Chun\', \'SQL\', 75), (\'Chun\', \'Tuning\', 73), \n (\'Esben\', \'SQL\', 43), (\'Esben\', \'Tuning\', 31), \n (\'Kaolin\', \'SQL\', 56), (\'Kaolin\', \'Tuning\', 88), \n (\'Tatiana\', \'SQL\', 87);\n \nSELECT name, test, score, STDDEV_POP(score) \n OVER (PARTITION BY test) AS stddev_results FROM\nstudent_test;\n \n+---------+--------+-------+----------------+\n| name | test | score | stddev_results |\n+---------+--------+-------+----------------+\n| Chun | SQL | 75 | 16.9466 |\n| Chun | Tuning | 73 | 24.1247 |\n| Esben | SQL | 43 | 16.9466 |\n| Esben | Tuning | 31 | 24.1247 |\n| Kaolin | SQL | 56 | 16.9466 |\n| Kaolin | Tuning | 88 | 24.1247 |\n| Tatiana | SQL | 87 | 16.9466 |\n+---------+--------+-------+----------------+\n \n\n\nURL: https://mariadb.com/kb/en/std/','','https://mariadb.com/kb/en/std/');
insert into help_topic (help_topic_id,help_category_id,name,description,example,url) values (193,16,'STDDEV','Syntax\n------ \nSTDDEV(expr)\n \nDescription\n----------- \nReturns the population standard deviation of expr. This\nfunction is\nprovided for compatibility with Oracle. The standard SQL\nfunction\nSTDDEV_POP() can be used instead.\n \nIt is an aggregate function, and so can be used with the\nGROUP BY clause.\n \nFrom MariaDB 10.2.2, STDDEV() can be used as a window\nfunction.\n \nThis function returns NULL if there were no matching rows.\n \nExamples\n-------- \nAs an aggregate function:\n \nCREATE OR REPLACE TABLE stats (category VARCHAR(2), x INT);\n \nINSERT INTO stats VALUES \n (\'a\',1),(\'a\',2),(\'a\',3),\n (\'b\',11),(\'b\',12),(\'b\',20),(\'b\',30),(\'b\',60);\n \nSELECT category, STDDEV_POP(x), STDDEV_SAMP(x), VAR_POP(x) \n FROM stats GROUP BY category;\n \n+----------+---------------+----------------+------------+\n| category | STDDEV_POP(x) | STDDEV_SAMP(x) | VAR_POP(x) |\n+----------+---------------+----------------+------------+\n| a | 0.8165 | 1.0000 | 0.6667 |\n| b | 18.0400 | 20.1693 | 325.4400 |\n+----------+---------------+----------------+------------+\n \nAs a window function:\n \nCREATE OR REPLACE TABLE student_test (name CHAR(10), test\nCHAR(10), score TINYINT);\n \nINSERT INTO student_test VALUES \n (\'Chun\', \'SQL\', 75), (\'Chun\', \'Tuning\', 73), \n (\'Esben\', \'SQL\', 43), (\'Esben\', \'Tuning\', 31), \n (\'Kaolin\', \'SQL\', 56), (\'Kaolin\', \'Tuning\', 88), \n (\'Tatiana\', \'SQL\', 87);\n \nSELECT name, test, score, STDDEV_POP(score) \n OVER (PARTITION BY test) AS stddev_results FROM\nstudent_test;\n \n+---------+--------+-------+----------------+\n| name | test | score | stddev_results |\n+---------+--------+-------+----------------+\n| Chun | SQL | 75 | 16.9466 |\n| Chun | Tuning | 73 | 24.1247 |\n| Esben | SQL | 43 | 16.9466 |\n| Esben | Tuning | 31 | 24.1247 |\n| Kaolin | SQL | 56 | 16.9466 |\n| Kaolin | Tuning | 88 | 24.1247 |\n| Tatiana | SQL | 87 | 16.9466 |\n+---------+--------+-------+----------------+\n \n\n\nURL: https://mariadb.com/kb/en/stddev/','','https://mariadb.com/kb/en/stddev/');
insert into help_topic (help_topic_id,help_category_id,name,description,example,url) values (194,16,'STDDEV_POP','Syntax\n------ \nSTDDEV_POP(expr)\n \nDescription\n----------- \nReturns the population standard deviation of expr (the\nsquare root of\nVAR_POP()). You can also use STD() or\nSTDDEV(), which are equivalent but not standard SQL.\n \nIt is an aggregate function, and so can be used with the\nGROUP BY clause.\n \nFrom MariaDB 10.2.2, STDDEV_POP() can be used as a window\nfunction.\n \nSTDDEV_POP() returns NULL if there were no matching rows.\n \nExamples\n-------- \nAs an aggregate function:\n \nCREATE OR REPLACE TABLE stats (category VARCHAR(2), x INT);\n \nINSERT INTO stats VALUES \n (\'a\',1),(\'a\',2),(\'a\',3),\n (\'b\',11),(\'b\',12),(\'b\',20),(\'b\',30),(\'b\',60);\n \nSELECT category, STDDEV_POP(x), STDDEV_SAMP(x), VAR_POP(x) \n FROM stats GROUP BY category;\n \n+----------+---------------+----------------+------------+\n| category | STDDEV_POP(x) | STDDEV_SAMP(x) | VAR_POP(x) |\n+----------+---------------+----------------+------------+\n| a | 0.8165 | 1.0000 | 0.6667 |\n| b | 18.0400 | 20.1693 | 325.4400 |\n+----------+---------------+----------------+------------+\n \nAs a window function:\n \nCREATE OR REPLACE TABLE student_test (name CHAR(10), test\nCHAR(10), score TINYINT);\n \nINSERT INTO student_test VALUES \n (\'Chun\', \'SQL\', 75), (\'Chun\', \'Tuning\', 73), \n (\'Esben\', \'SQL\', 43), (\'Esben\', \'Tuning\', 31), \n (\'Kaolin\', \'SQL\', 56), (\'Kaolin\', \'Tuning\', 88), \n (\'Tatiana\', \'SQL\', 87);\n \nSELECT name, test, score, STDDEV_POP(score) \n OVER (PARTITION BY test) AS stddev_results FROM\nstudent_test;\n \n+---------+--------+-------+----------------+\n| name | test | score | stddev_results |\n+---------+--------+-------+----------------+\n| Chun | SQL | 75 | 16.9466 |\n| Chun | Tuning | 73 | 24.1247 |\n| Esben | SQL | 43 | 16.9466 |\n| Esben | Tuning | 31 | 24.1247 |\n| Kaolin | SQL | 56 | 16.9466 |\n| Kaolin | Tuning | 88 | 24.1247 |\n| Tatiana | SQL | 87 | 16.9466 |\n+---------+--------+-------+----------------+\n \n\n\nURL: https://mariadb.com/kb/en/stddev_pop/','','https://mariadb.com/kb/en/stddev_pop/');
insert into help_topic (help_topic_id,help_category_id,name,description,example,url) values (195,16,'STDDEV_SAMP','Syntax\n------ \nSTDDEV_SAMP(expr)\n \nDescription\n----------- \nReturns the sample standard deviation of expr (the square\nroot of VAR_SAMP()).\n \nIt is an aggregate function, and so can be used with the\nGROUP BY clause.\n \nFrom MariaDB 10.2.2, STDDEV_SAMP() can be used as a window\nfunction.\n \nSTDDEV_SAMP() returns NULL if there were no matching rows.\n \n\n \n \n \n \n \n \n \n\nURL: https://mariadb.com/kb/en/stddev_samp/','','https://mariadb.com/kb/en/stddev_samp/');
insert into help_topic (help_topic_id,help_category_id,name,description,example,url) values (196,16,'SUM','Syntax\n------ \nSUM([DISTINCT] expr)\n \nDescription\n----------- \nReturns the sum of expr. If the return set has no rows,\nSUM() returns\nNULL. The DISTINCT keyword can be used to sum only the\ndistinct values\nof expr.\n \nFrom MariaDB 10.2.0, SUM() can be used as a window function,\nalthough not with the DISTINCT specifier.\n \nExamples\n-------- \nCREATE TABLE sales (sales_value INT);\nINSERT INTO sales VALUES(10),(20),(20),(40);\n \nSELECT SUM(sales_value) FROM sales;\n \n+------------------+\n| SUM(sales_value) |\n+------------------+\n| 90 |\n+------------------+\n \nSELECT SUM(DISTINCT(sales_value)) FROM sales;\n \n+----------------------------+\n| SUM(DISTINCT(sales_value)) |\n+----------------------------+\n| 70 |\n+----------------------------+\n \nCommonly, SUM is used with a GROUP BY clause:\n \nCREATE TABLE sales (name CHAR(10), month CHAR(10), units\nINT);\n \nINSERT INTO sales VALUES \n (\'Chun\', \'Jan\', 75), (\'Chun\', \'Feb\', 73),\n (\'Esben\', \'Jan\', 43), (\'Esben\', \'Feb\', 31),\n (\'Kaolin\', \'Jan\', 56), (\'Kaolin\', \'Feb\', 88),\n (\'Tatiana\', \'Jan\', 87), (\'Tatiana\', \'Feb\', 83);\n \nSELECT name, SUM(units) FROM sales GROUP BY name;\n \n+---------+------------+\n| name | SUM(units) |\n+---------+------------+\n| Chun | 148 |\n| Esben | 74 |\n| Kaolin | 144 |\n| Tatiana | 170 |\n+---------+------------+\n \nThe GROUP BY clause is required when using an aggregate\nfunction along with regular column data, otherwise the\nresult will be a mismatch, as in the following common type\nof mistake:\n \nSELECT name,SUM(units) FROM sales\n;\n+------+------------+\n| name | SUM(units) |\n+------+------------+\n| Chun | 536 |\n+------+------------+\n \nAs a window function:\n \nCREATE OR REPLACE TABLE student_test (name CHAR(10), test\nCHAR(10), score TINYINT);\nINSERT INTO student_test VALUES \n (\'Chun\', \'SQL\', 75), (\'Chun\', \'Tuning\', 73), \n (\'Esben\', \'SQL\', 43), (\'Esben\', \'Tuning\', 31), \n (\'Kaolin\', \'SQL\', 56), (\'Kaolin\', \'Tuning\', 88), \n (\'Tatiana\', \'SQL\', 87);\n \nSELECT name, test, score, SUM(score) OVER (PARTITION BY\nname) AS total_score FROM student_test;\n \n+---------+--------+-------+-------------+\n| name | test | score | total_score |\n+---------+--------+-------+-------------+\n| Chun | SQL | 75 | 148 |\n| Chun | Tuning | 73 | 148 |\n| Esben | SQL | 43 | 74 |\n| Esben | Tuning | 31 | 74 |\n| Kaolin | SQL | 56 | 144 |\n| Kaolin | Tuning | 88 | 144 |\n| Tatiana | SQL | 87 | 87 |\n+---------+--------+-------+-------------+\n \n\n\nURL: https://mariadb.com/kb/en/sum/','','https://mariadb.com/kb/en/sum/');
insert into help_topic (help_topic_id,help_category_id,name,description,example,url) values (197,16,'VARIANCE','Syntax\n------ \nVARIANCE(expr) \n \nDescription\n----------- \nReturns the population standard variance of expr. This is an\nextension to\nstandard SQL. The standard SQL function VAR_POP() can be\nused\ninstead.\n \nVariance is calculated by\nworking out the mean for the set\nfor each number, subtracting the mean and squaring the\nresult\ncalculate the average of the resulting differences\n \nIt is an aggregate function, and so can be used with the\nGROUP BY clause.\n \nFrom MariaDB 10.2.2, VARIANCE() can be used as a window\nfunction.\n \nVARIANCE() returns NULL if there were no matching rows.\n \nExamples\n-------- \nCREATE TABLE v(i tinyint);\n \nINSERT INTO v VALUES(101),(99);\n \nSELECT VARIANCE(i) FROM v;\n \n+-------------+\n| VARIANCE(i) |\n+-------------+\n| 1.0000 |\n+-------------+\n \nINSERT INTO v VALUES(120),(80);\n \nSELECT VARIANCE(i) FROM v;\n \n+-------------+\n| VARIANCE(i) |\n+-------------+\n| 200.5000 |\n+-------------+\n \nAs an aggregate function:\n \nCREATE OR REPLACE TABLE stats (category VARCHAR(2), x INT);\n \nINSERT INTO stats VALUES \n (\'a\',1),(\'a\',2),(\'a\',3),\n (\'b\',11),(\'b\',12),(\'b\',20),(\'b\',30),(\'b\',60);\n \nSELECT category, STDDEV_POP(x), STDDEV_SAMP(x), VAR_POP(x) \n FROM stats GROUP BY category;\n \n+----------+---------------+----------------+------------+\n| category | STDDEV_POP(x) | STDDEV_SAMP(x) | VAR_POP(x) |\n+----------+---------------+----------------+------------+\n| a | 0.8165 | 1.0000 | 0.6667 |\n| b | 18.0400 | 20.1693 | 325.4400 |\n+----------+---------------+----------------+------------+\n \nAs a window function:\n \nCREATE OR REPLACE TABLE student_test (name CHAR(10), test\nCHAR(10), score TINYINT);\n \nINSERT INTO student_test VALUES \n (\'Chun\', \'SQL\', 75), (\'Chun\', \'Tuning\', 73), \n (\'Esben\', \'SQL\', 43), (\'Esben\', \'Tuning\', 31), \n (\'Kaolin\', \'SQL\', 56), (\'Kaolin\', \'Tuning\', 88), \n (\'Tatiana\', \'SQL\', 87);\n \nSELECT name, test, score, VAR_POP(score) \n OVER (PARTITION BY test) AS variance_results FROM\nstudent_test;\n \n+---------+--------+-------+------------------+\n| name | test | score | variance_results |\n+---------+--------+-------+------------------+\n| Chun | SQL | 75 | 287.1875 |\n| Chun | Tuning | 73 | 582.0000 |\n| Esben | SQL | 43 | 287.1875 |\n| Esben | Tuning | 31 | 582.0000 |\n| Kaolin | SQL | 56 | 287.1875 |\n| Kaolin | Tuning | 88 | 582.0000 |\n| Tatiana | SQL | 87 | 287.1875 |\n+---------+--------+-------+------------------+\n \n\n\nURL: https://mariadb.com/kb/en/variance/','','https://mariadb.com/kb/en/variance/');
insert into help_topic (help_topic_id,help_category_id,name,description,example,url) values (198,16,'VAR_POP','Syntax\n------ \nVAR_POP(expr)\n \nDescription\n----------- \nReturns the population standard variance of expr. It\nconsiders rows as\nthe whole population, not as a sample, so it has the number\nof rows as\nthe denominator. You can also use VARIANCE(), which is\nequivalent but\nis not standard SQL.\n \nVariance is calculated by\nworking out the mean for the set\nfor each number, subtracting the mean and squaring the\nresult\ncalculate the average of the resulting differences\n \nIt is an aggregate function, and so can be used with the\nGROUP BY clause.\n \nFrom MariaDB 10.2.2, VAR_POP() can be used as a window\nfunction.\n \nVAR_POP() returns NULL if there were no matching rows.\n \nExamples\n-------- \nCREATE TABLE v(i tinyint);\n \nINSERT INTO v VALUES(101),(99);\n \nSELECT VAR_POP(i) FROM v;\n \n+------------+\n| VAR_POP(i) |\n+------------+\n| 1.0000 |\n+------------+\n \nINSERT INTO v VALUES(120),(80);\n \nSELECT VAR_POP(i) FROM v;\n \n+------------+\n| VAR_POP(i) |\n+------------+\n| 200.5000 |\n+------------+\n \nAs an aggregate function:\n \nCREATE OR REPLACE TABLE stats (category VARCHAR(2), x INT);\n \nINSERT INTO stats VALUES \n (\'a\',1),(\'a\',2),(\'a\',3),\n (\'b\',11),(\'b\',12),(\'b\',20),(\'b\',30),(\'b\',60);\n \nSELECT category, STDDEV_POP(x), STDDEV_SAMP(x), VAR_POP(x) \n FROM stats GROUP BY category;\n \n+----------+---------------+----------------+------------+\n| category | STDDEV_POP(x) | STDDEV_SAMP(x) | VAR_POP(x) |\n+----------+---------------+----------------+------------+\n| a | 0.8165 | 1.0000 | 0.6667 |\n| b | 18.0400 | 20.1693 | 325.4400 |\n+----------+---------------+----------------+------------+\n \nAs a window function:\n \nCREATE OR REPLACE TABLE student_test (name CHAR(10), test\nCHAR(10), score TINYINT);\n \nINSERT INTO student_test VALUES \n (\'Chun\', \'SQL\', 75), (\'Chun\', \'Tuning\', 73), \n (\'Esben\', \'SQL\', 43), (\'Esben\', \'Tuning\', 31), \n (\'Kaolin\', \'SQL\', 56), (\'Kaolin\', \'Tuning\', 88), \n (\'Tatiana\', \'SQL\', 87);\n \nSELECT name, test, score, VAR_POP(score) \n OVER (PARTITION BY test) AS variance_results FROM\nstudent_test;\n \n+---------+--------+-------+------------------+\n| name | test | score | variance_results |\n+---------+--------+-------+------------------+\n| Chun | SQL | 75 | 287.1875 |\n| Chun | Tuning | 73 | 582.0000 |\n| Esben | SQL | 43 | 287.1875 |\n| Esben | Tuning | 31 | 582.0000 |\n| Kaolin | SQL | 56 | 287.1875 |\n| Kaolin | Tuning | 88 | 582.0000 |\n| Tatiana | SQL | 87 | 287.1875 |\n+---------+--------+-------+------------------+\n \n\n\nURL: https://mariadb.com/kb/en/var_pop/','','https://mariadb.com/kb/en/var_pop/');
insert into help_topic (help_topic_id,help_category_id,name,description,example,url) values (199,16,'VAR_SAMP','Syntax\n------ \nVAR_SAMP(expr)\n \nDescription\n----------- \nReturns the sample variance of expr. That is, the\ndenominator is the number of rows minus one.\n \nIt is an aggregate function, and so can be used with the\nGROUP BY clause.\n \nFrom MariaDB 10.2.2, VAR_SAMP() can be used as a window\nfunction.\n \nVAR_SAMP() returns NULL if there were no matching rows.\n \nExamples\n-------- \nAs an aggregate function:\n \nCREATE OR REPLACE TABLE stats (category VARCHAR(2), x INT);\n \nINSERT INTO stats VALUES \n (\'a\',1),(\'a\',2),(\'a\',3),\n (\'b\',11),(\'b\',12),(\'b\',20),(\'b\',30),(\'b\',60);\n \nSELECT category, STDDEV_POP(x), STDDEV_SAMP(x), VAR_POP(x) \n FROM stats GROUP BY category;\n \n+----------+---------------+----------------+------------+\n| category | STDDEV_POP(x) | STDDEV_SAMP(x) | VAR_POP(x) |\n+----------+---------------+----------------+------------+\n| a | 0.8165 | 1.0000 | 0.6667 |\n| b | 18.0400 | 20.1693 | 325.4400 |\n+----------+---------------+----------------+------------+\n \nAs a window function:\n \nCREATE OR REPLACE TABLE student_test (name CHAR(10), test\nCHAR(10), score TINYINT);\n \nINSERT INTO student_test VALUES \n (\'Chun\', \'SQL\', 75), (\'Chun\', \'Tuning\', 73), \n (\'Esben\', \'SQL\', 43), (\'Esben\', \'Tuning\', 31), \n (\'Kaolin\', \'SQL\', 56), (\'Kaolin\', \'Tuning\', 88), \n (\'Tatiana\', \'SQL\', 87);\n \nSELECT name, test, score, VAR_SAMP(score) \n OVER (PARTITION BY test) AS variance_results FROM\nstudent_test;\n \n+---------+--------+-------+------------------+\n| name | test | score | variance_results |\n+---------+--------+-------+------------------+\n| Chun | SQL | 75 | 382.9167 |\n| Chun | Tuning | 73 | 873.0000 |\n| Esben | SQL | 43 | 382.9167 |\n| Esben | Tuning | 31 | 873.0000 |\n| Kaolin | SQL | 56 | 382.9167 |\n| Kaolin | Tuning | 88 | 873.0000 |\n| Tatiana | SQL | 87 | 382.9167 |\n+---------+--------+-------+------------------+\n \n\n\nURL: https://mariadb.com/kb/en/var_samp/','','https://mariadb.com/kb/en/var_samp/');
insert into help_topic (help_topic_id,help_category_id,name,description,example,url) values (200,17,'BENCHMARK','Syntax\n------ \nBENCHMARK(count,expr)\n \nDescription\n----------- \nThe BENCHMARK() function executes the expression expr\nrepeatedly count\ntimes. It may be used to time how quickly MariaDB processes\nthe\nexpression. The result value is always 0. The intended use\nis from\nwithin the mysql client, which reports query execution\ntimes.\n \nExamples\n-------- \nSELECT BENCHMARK(1000000,ENCODE(\'hello\',\'goodbye\'));\n+----------------------------------------------+\n| BENCHMARK(1000000,ENCODE(\'hello\',\'goodbye\')) |\n+----------------------------------------------+\n| 0 |\n+----------------------------------------------+\n1 row in set (0.21 sec)\n \n\n \n \n \n \n \n \n \n\nURL: https://mariadb.com/kb/en/benchmark/','','https://mariadb.com/kb/en/benchmark/');
insert into help_topic (help_topic_id,help_category_id,name,description,example,url) values (201,17,'BINLOG_GTID_POS','From version 10.0.2, MariaDB supports global transaction IDs\nfor replication.\n \nSyntax\n------ \nBINLOG_GTID_POS(binlog_filename,binlog_offset)\n \nDescription\n----------- \nThe BINLOG_GTID_POS() function takes as input an old-style\nbinary log position in the form of a file name and a file\noffset. It looks up the position in the current binlog, and\nreturns a string representation of the corresponding GTID\nposition. If the position is not found in the current\nbinlog, NULL is returned.\n \nExamples\n-------- \nSELECT BINLOG_GTID_POS(\"master-bin.000001\", 600);\n \n\n\nURL: https://mariadb.com/kb/en/binlog_gtid_pos/','','https://mariadb.com/kb/en/binlog_gtid_pos/');
insert into help_topic (help_topic_id,help_category_id,name,description,example,url) values (202,17,'CHARSET','Syntax\n------ \nCHARSET(str)\n \nDescription\n----------- \nReturns the character set of the string argument. If str is\nnot a string, it is considered as a binary string (so the\nfunction returns \'binary\'). This applies to NULL, too. The\nreturn value is a string in the utf8 character set.\n \nExamples\n-------- \nSELECT CHARSET(\'abc\');\n+----------------+\n| CHARSET(\'abc\') |\n+----------------+\n| latin1 |\n+----------------+\n \nSELECT CHARSET(CONVERT(\'abc\' USING utf8));\n+------------------------------------+\n| CHARSET(CONVERT(\'abc\' USING utf8)) |\n+------------------------------------+\n| utf8 |\n+------------------------------------+\n \nSELECT CHARSET(USER());\n+-----------------+\n| CHARSET(USER()) |\n+-----------------+\n| utf8 |\n+-----------------+\n \n\n \n \n \n \n \n \n \n\nURL: https://mariadb.com/kb/en/charset/','','https://mariadb.com/kb/en/charset/');
insert into help_topic (help_topic_id,help_category_id,name,description,example,url) values (203,17,'COERCIBILITY','Syntax\n------ \nCOERCIBILITY(str)\n \nDescription\n----------- \nReturns the collation coercibility value of the string\nargument. Coercibility defines what will be converted to\nwhat in case of collation conflict, with an expression with\nhigher coercibility being converted to the collation of an\nexpression with lower coercibility.\n \nCoercibility | Description | Example | \n \n0 | Explicit | Value using a COLLATE clause | \n \n1 | No collation | Concatenated strings using different\ncollations | \n \n2 | Implicit | Column value | \n \n3 | Constant | USER() return value | \n \n4 | Coercible | Literal string | \n \n5 | Ignorable | NULL or derived from NULL | \n \nExamples\n-------- \nSELECT COERCIBILITY(\'abc\' COLLATE latin1_swedish_ci);\n+-----------------------------------------------+\n| COERCIBILITY(\'abc\' COLLATE latin1_swedish_ci) |\n+-----------------------------------------------+\n| 0 |\n+-----------------------------------------------+\n \nSELECT COERCIBILITY(USER());\n+----------------------+\n| COERCIBILITY(USER()) |\n+----------------------+\n| 3 |\n+----------------------+\n \nSELECT COERCIBILITY(\'abc\');\n+---------------------+\n| COERCIBILITY(\'abc\') |\n+---------------------+\n| 4 |\n+---------------------+\n \n\n \n \n \n \n \n \n \n\nURL: https://mariadb.com/kb/en/coercibility/','','https://mariadb.com/kb/en/coercibility/');
insert into help_topic (help_topic_id,help_category_id,name,description,example,url) values (204,17,'COLLATION','Syntax\n------ \nCOLLATION(str)\n \nDescription\n----------- \nReturns the collation of the string argument. If str is not\na string, it is considered as a binary string (so the\nfunction returns \'binary\'). This applies to NULL, too. The\nreturn value is a string in the utf8 character set.\n \nSee Character Sets and Collations.\n \nExamples\n-------- \nSELECT COLLATION(\'abc\');\n+-------------------+\n| COLLATION(\'abc\') |\n+-------------------+\n| latin1_swedish_ci |\n+-------------------+\n \nSELECT COLLATION(_utf8\'abc\');\n+-----------------------+\n| COLLATION(_utf8\'abc\') |\n+-----------------------+\n| utf8_general_ci |\n+-----------------------+\n \n\n\nURL: https://mariadb.com/kb/en/collation/','','https://mariadb.com/kb/en/collation/');
insert into help_topic (help_topic_id,help_category_id,name,description,example,url) values (205,17,'CONNECTION_ID','Syntax\n------ \nCONNECTION_ID()\n \nDescription\n----------- \nReturns the connection ID (thread ID) for the connection.\nEvery\nthread (including events) has an ID that is unique among the\nset of currently\nconnected clients.\n \nUntil MariaDB 10.3.1, returns MYSQL_TYPE_LONGLONG, or\nbigint(10), in all cases. From MariaDB 10.3.1, returns\nMYSQL_TYPE_LONG, or int(10), when the result would fit\nwithin 32-bits.\n \nExamples\n-------- \nSELECT CONNECTION_ID();\n+-----------------+\n| CONNECTION_ID() |\n+-----------------+\n| 3 |\n+-----------------+\n \n\n \n \n \n \n \n \n \n\nURL: https://mariadb.com/kb/en/connection_id/','','https://mariadb.com/kb/en/connection_id/');
insert into help_topic (help_topic_id,help_category_id,name,description,example,url) values (206,17,'CURRENT_ROLE','Roles were introduced in MariaDB 10.0.5.\n \nSyntax\n------ \nCURRENT_ROLE, CURRENT_ROLE()\n \nDescription\n----------- \nReturns the current role name. This determines your access\nprivileges. The return value is a string in the\nutf8 character set.\n \nIf there is no current role, NULL is returned.\n \nThe output of SELECT CURRENT_ROLE is equivalent to the\ncontents of the ENABLED_ROLES Information Schema table.\n \nUSER() returns the combination of user and host used to\nlogin. CURRENT_USER() returns the account used to determine\ncurrent connection\'s privileges.\n \nExamples\n-------- \nSELECT CURRENT_ROLE;\n \n+--------------+\n| CURRENT_ROLE |\n+--------------+\n| NULL |\n+--------------+\n \nSET ROLE staff;\n \nSELECT CURRENT_ROLE;\n \n+--------------+\n| CURRENT_ROLE |\n+--------------+\n| staff |\n+--------------+\n \n\n \n \n \n \n \n \n \n\nURL: https://mariadb.com/kb/en/current_role/','','https://mariadb.com/kb/en/current_role/');
insert into help_topic (help_topic_id,help_category_id,name,description,example,url) values (207,17,'CURRENT_USER','Syntax\n------ \nCURRENT_USER, CURRENT_USER()\n \nDescription\n----------- \nReturns the user name and host name combination for the\nMariaDB account\nthat the server used to authenticate the current client.\nThis account\ndetermines your access privileges. The return value is a\nstring in the\nutf8 character set.\n \nThe value of CURRENT_USER() can differ from the value of\nUSER(). CURRENT_ROLE() returns the current active role.\n \nExamples\n-------- \nshell> mysql --user=\"anonymous\"\n \nMariaDB [(none)]> select user(),current_user();\n+---------------------+----------------+\n| user() | current_user() |\n+---------------------+----------------+\n| anonymous@localhost | @localhost |\n+---------------------+----------------+\n \nWhen calling CURRENT_USER() in a stored procedure, it\nreturns the owner of the stored procedure, as defined with\nDEFINER.\n \n\n\nURL: https://mariadb.com/kb/en/current_user/','','https://mariadb.com/kb/en/current_user/');
insert into help_topic (help_topic_id,help_category_id,name,description,example,url) values (208,17,'DATABASE','Syntax\n------ \nDATABASE()\n \nDescription\n----------- \nReturns the default (current) database name as a string in\nthe utf8 character set. If there is no default database,\nDATABASE() returns NULL. Within a stored routine, the\ndefault database is the database that the routine is\nassociated with, which is not necessarily the same as the\ndatabase that is the default in the calling context.\n \nSCHEMA() is a synonym for DATABASE().\n \nTo select a default database, the USE statement can be run.\nAnother way to set the default database is specifying its\nname at mysql command line client startup.\n \nExamples\n-------- \nSELECT DATABASE();\n+------------+\n| DATABASE() |\n+------------+\n| NULL |\n+------------+\n \nUSE test;\n \nDatabase changed\n \nSELECT DATABASE();\n+------------+\n| DATABASE() |\n+------------+\n| test |\n+------------+\n \n\n \n \n \n \n \n \n \n\nURL: https://mariadb.com/kb/en/database/','','https://mariadb.com/kb/en/database/');
insert into help_topic (help_topic_id,help_category_id,name,description,example,url) values (209,17,'DECODE_HISTOGRAM','DECODE_HISTOGRAM() was introduced in MariaDB 10.0.2\n \nSyntax\n------ \nDECODE_HISTOGRAM(hist_type,histogram)\n \nNote: Before MariaDB 10.0.10 the arguments were reversed.\n \nDescription\n----------- \nReturns a string of comma separated numeric values\ncorresponding to a probability distribution represented by\nthe histogram of type hist_type (SINGLE_PREC_HB or\nDOUBLE_PREC_HB). The hist_type and histogram would be\ncommonly used from the mysql.column_stats table.\n \nSee Histogram Based Statistics for details.\n \nExamples\n-------- \nCREATE TABLE origin (\n i INT UNSIGNED NOT NULL AUTO_INCREMENT PRIMARY KEY,\n v INT UNSIGNED NOT NULL\n);\n \nINSERT INTO origin(v) VALUES \n (1),(2),(3),(4),(5),(10),(20),\n (30),(40),(50),(60),(70),(80),\n (90),(100),(200),(400),(800);\n \nSET histogram_size=10,histogram_type=SINGLE_PREC_HB;\n \nANALYZE TABLE origin PERSISTENT FOR ALL;\n \n+-------------+---------+----------+-----------------------------------------+\n| Table | Op | Msg_type | Msg_text |\n+-------------+---------+----------+-----------------------------------------+\n| test.origin | analyze | status | Engine-independent\nstatistics collected |\n| test.origin | analyze | status | OK |\n+-------------+---------+----------+-----------------------------------------+\n \nSELECT db_name,table_name,column_name,hist_type,\n hex(histogram),decode_histogram(hist_type,histogram) \n FROM mysql.column_stats WHERE db_name=\'test\' and\ntable_name=\'origin\';\n \n+---------+------------+-------------+----------------+----------------------+-------------------------------------------------------------------+\n| db_name | table_name | column_name | hist_type |\nhex(histogram) | decode_histogram(hist_type,histogram) |\n+---------+------------+-------------+----------------+----------------------+-------------------------------------------------------------------+\n| test | origin | i | SINGLE_PREC_HB | 0F2D3C5A7887A5C3D2F0\n|\n0.059,0.118,0.059,0.118,0.118,0.059,0.118,0.118,0.059,0.118,0.059\n|\n| test | origin | v | SINGLE_PREC_HB | 000001060C0F161C1F7F\n|\n0.000,0.000,0.004,0.020,0.024,0.012,0.027,0.024,0.012,0.376,0.502\n|\n+---------+------------+-------------+----------------+----------------------+-------------------------------------------------------------------+\n \nSET histogram_size=20,histogram_type=DOUBLE_PREC_HB;\n \nANALYZE TABLE origin PERSISTENT FOR ALL;\n \n+-------------+---------+----------+-----------------------------------------+\n| Table | Op | Msg_type | Msg_text |\n+-------------+---------+----------+-----------------------------------------+\n| test.origin | analyze | status | Engine-independent\nstatistics collected |\n| test.origin | analyze | status | OK |\n+-------------+---------+----------+-----------------------------------------+\n \nSELECT db_name,table_name,column_name,\n hist_type,hex(histogram),decode_histogram(hist_type,histogram)\n\n FROM mysql.column_stats WHERE db_name=\'test\' and\ntable_name=\'origin\';\n \n+---------+------------+-------------+----------------+------------------------------------------+-----------------------------------------------------------------------------------------+\n| db_name | table_name | column_name | hist_type |\nhex(histogram) | decode_histogram(hist_type,histogram) |\n+---------+------------+-------------+----------------+------------------------------------------+-----------------------------------------------------------------------------------------+\n| test | origin | i | DOUBLE_PREC_HB |\n0F0F2D2D3C3C5A5A78788787A5A5C3C3D2D2F0F0 |\n0.05882,0.11765,0.05882,0.11765,0.11765,0.05882,0.11765,0.11765,0.05882,0.11765,0.05882\n|\n| test | origin | v | DOUBLE_PREC_HB |\n5200F600480116067E0CB30F1B16831CB81FD67F |\n0.00125,0.00250,0.00125,0.01877,0.02502,0.01253,0.02502,0.02502,0.01253,0.37546,0.50063\n|\n \n\n \n \n \n \n \n \n \n\nURL: https://mariadb.com/kb/en/decode_histogram/','','https://mariadb.com/kb/en/decode_histogram/');
insert into help_topic (help_topic_id,help_category_id,name,description,example,url) values (210,17,'DEFAULT','Syntax\n------ \nDEFAULT(col_name)\n \nDescription\n----------- \nReturns the default value for a table column. If the column\nhas no default value, NULL is returned.\nFor integer columns using AUTO_INCREMENT, 0 is returned.\n \nWhen using DEFAULT as a value to set in an INSERT or UPDATE\nstatement, you can use the bare keyword DEFAULT without the\nparentheses and argument to\nrefer to the column in context. You can only use DEFAULT as\na bare keyword if you are using it\nalone without a surrounding expression or function.\n \nExamples\n-------- \nSelect only non-default values for a column:\n \nSELECT i FROM t WHERE i != DEFAULT(i);\n \nUpdate values to be one greater than the default value:\n \nUPDATE t SET i = DEFAULT(i)+1 WHERE i \n\nURL: https://mariadb.com/kb/en/default/','','https://mariadb.com/kb/en/default/');
insert into help_topic (help_topic_id,help_category_id,name,description,example,url) values (211,17,'FOUND_ROWS','Syntax\n------ \nFOUND_ROWS()\n \nDescription\n----------- \nA SELECT statement may include a LIMIT clause to restrict\nthe number\nof rows the server returns to the client. In some cases, it\nis\ndesirable to know how many rows the statement would have\nreturned\nwithout the LIMIT, but without running the statement again.\nTo obtain\nthis row count, include a SQL_CALC_FOUND_ROWS option in the\nSELECT\nstatement, and then invoke FOUND_ROWS() afterwards.\n \nYou can also use FOUND_ROWS() to obtain the number of rows\nreturned by a SELECT which does not contain a LIMIT clause.\nIn this case you don\'t need to use the SQL_CALC_FOUND_ROWS\noption. This can be useful for example in a stored\nprocedure.\n \nAlso, this function works with some other statements which\nreturn a resultset, including SHOW, DESC and HELP. For\nDELETE ... RETURNING you should use ROW_COUNT(). It also\nworks as a prepared statement, or after executing a prepared\nstatement.\n \nStatements which don\'t return any results don\'t affect\nFOUND_ROWS() - the previous value will still be returned.\n \nWarning: When used after a CALL statement, this function\nreturns the number of rows selected by the last query in the\nprocedure, not by the whole procedure.\n \nStatements using the FOUND_ROWS() function are not safe for\nreplication.\n \nExamples\n-------- \nSHOW ENGINES;\n \n+--------------------+---------+----------------------------------------------------------------+--------------+------+------------+\n| Engine | Support | Comment | Transactions | XA |\nSavepoints |\n+--------------------+---------+----------------------------------------------------------------+--------------+------+------------+\n| InnoDB | DEFAULT | Supports transactions, row-level\nlocking, and foreign keys | YES | YES | YES |\n...\n| SPHINX | YES | Sphinx storage engine | NO | NO | NO |\n+--------------------+---------+----------------------------------------------------------------+--------------+------+------------+\n11 rows in set (0.01 sec)\n \nSELECT FOUND_ROWS();\n+--------------+\n| FOUND_ROWS() |\n+--------------+\n| 11 |\n+--------------+\n \nSELECT SQL_CALC_FOUND_ROWS * FROM tbl_name WHERE id > 100\nLIMIT 10;\n \nSELECT FOUND_ROWS();\n+--------------+\n| FOUND_ROWS() |\n+--------------+\n| 23 |\n+--------------+\n \n\n\nURL: https://mariadb.com/kb/en/found_rows/','','https://mariadb.com/kb/en/found_rows/');
insert into help_topic (help_topic_id,help_category_id,name,description,example,url) values (212,17,'LAST_INSERT_ID','Syntax\n------ \nLAST_INSERT_ID(), LAST_INSERT_ID(expr)\n \nDescription\n----------- \nLAST_INSERT_ID() (no arguments) returns\nthe first automatically generated value successfully\ninserted for an\nAUTO_INCREMENT column as a result of the most recently\nexecuted INSERT\nstatement. The value of LAST_INSERT_ID() remains unchanged\nif no rows\nare successfully inserted.\n \nIf one gives an argument to LAST_INSERT_ID(), then it will\nreturn the value of the expression and\nthe next call to LAST_INSERT_ID() will return the same\nvalue. The value will also be sent to the client\nand can be accessed by the mysql_insert_id function.\n \nFor example, after inserting a row that generates an\nAUTO_INCREMENT\nvalue, you can get the value like this:\n \nSELECT LAST_INSERT_ID();\n+------------------+\n| LAST_INSERT_ID() |\n+------------------+\n| 9 |\n+------------------+\n \nYou can also use LAST_INSERT_ID() to delete the last\ninserted row:\n \nDELETE FROM product WHERE id = LAST_INSERT_ID();\n \nIf no rows were successfully inserted, LAST_INSERT_ID()\nreturns 0.\n \nThe value of LAST_INSERT_ID() will be consistent across all\nversions\nif all rows in the INSERT or UPDATE statement were\nsuccessful.\n \nThe currently executing statement does not affect the value\nof\nLAST_INSERT_ID(). Suppose that you generate an\nAUTO_INCREMENT value\nwith one statement, and then refer to LAST_INSERT_ID() in a\nmultiple-row INSERT statement that inserts rows into a table\nwith its\nown AUTO_INCREMENT column. The value of LAST_INSERT_ID()\nwill remain\nstable in the second statement; its value for the second and\nlater\nrows is not affected by the earlier row insertions.\n(However, if you\nmix references to LAST_INSERT_ID() and LAST_INSERT_ID(expr),\nthe\neffect is undefined.)\n \nIf the previous statement returned an error, the value of\nLAST_INSERT_ID() is undefined. For transactional tables, if\nthe\nstatement is rolled back due to an error, the value of\nLAST_INSERT_ID() is left undefined. For manual ROLLBACK, the\nvalue of\nLAST_INSERT_ID() is not restored to that before the\ntransaction; it\nremains as it was at the point of the ROLLBACK.\n \nWithin the body of a stored routine (procedure or function)\nor a\ntrigger, the value of LAST_INSERT_ID() changes the same way\nas for\nstatements executed outside the body of these kinds of\nobjects. The\neffect of a stored routine or trigger upon the value of\nLAST_INSERT_ID() that is seen by following statements\ndepends on the\nkind of routine:\nIf a stored procedure executes statements that change the\nvalue of LAST_INSERT_ID(), the new value will be seen by\nstatements that follow the procedure call.\n \nFor stored functions and triggers that change the value, the\nvalue is restored when the function or trigger ends, so\nfollowing statements will not see a changed value.\n \nExamples\n-------- \nCREATE TABLE t (\n id INTEGER UNSIGNED AUTO_INCREMENT PRIMARY KEY, \n f VARCHAR(1)) \nENGINE = InnoDB;\n \nINSERT INTO t(f) VALUES(\'a\');\n \nSELECT LAST_INSERT_ID();\n+------------------+\n| LAST_INSERT_ID() |\n+------------------+\n| 1 |\n+------------------+\n \nINSERT INTO t(f) VALUES(\'b\');\n \nINSERT INTO t(f) VALUES(\'c\');\n \nSELECT LAST_INSERT_ID();\n+------------------+\n| LAST_INSERT_ID() |\n+------------------+\n| 3 |\n+------------------+\n \nINSERT INTO t(f) VALUES(\'d\'),(\'e\');\n \nSELECT LAST_INSERT_ID();\n+------------------+\n| LAST_INSERT_ID() |\n+------------------+\n| 4 |\n+------------------+\n \nSELECT * FROM t;\n \n+----+------+\n| id | f |\n+----+------+\n| 1 | a |\n| 2 | b |\n| 3 | c |\n| 4 | d |\n| 5 | e |\n+----+------+\n \nSELECT LAST_INSERT_ID(12);\n+--------------------+\n| LAST_INSERT_ID(12) |\n+--------------------+\n| 12 |\n+--------------------+\n \nSELECT LAST_INSERT_ID();\n+------------------+\n| LAST_INSERT_ID() |\n+------------------+\n| 12 |\n+------------------+\n \nINSERT INTO t(f) VALUES(\'f\');\n \nSELECT LAST_INSERT_ID();\n+------------------+\n| LAST_INSERT_ID() |\n+------------------+\n| 6 |\n+------------------+\n \nSELECT * FROM t;\n \n+----+------+\n| id | f |\n+----+------+\n| 1 | a |\n| 2 | b |\n| 3 | c |\n| 4 | d |\n| 5 | e |\n| 6 | f |\n+----+------+\n \nSELECT LAST_INSERT_ID(12);\n+--------------------+\n| LAST_INSERT_ID(12) |\n+--------------------+\n| 12 |\n+--------------------+\n \nINSERT INTO t(f) VALUES(\'g\');\n \nSELECT * FROM t;\n \n+----+------+\n| id | f |\n+----+------+\n| 1 | a |\n| 2 | b |\n| 3 | c |\n| 4 | d |\n| 5 | e |\n| 6 | f |\n| 7 | g |\n+----+------+\n \n\n\nURL: https://mariadb.com/kb/en/last_insert_id/','','https://mariadb.com/kb/en/last_insert_id/');
insert into help_topic (help_topic_id,help_category_id,name,description,example,url) values (213,17,'LAST_VALUE','Syntax\n------ \nLAST_VALUE(expr,[expr,...])\n \nLAST_VALUE(expr) OVER (\n [ PARTITION BY partition_expression ]\n [ ORDER BY order_list ]\n) \n \nDescription\n----------- \nLAST_VALUE() evaluates all expressions and returns the last.\n \nThis is useful together with setting user variables to a\nvalue with @var:=expr, for example when you want to get data\nof rows updated/deleted without having to do two queries\nagainst the table.\n \nSince MariaDB 10.2.2, LAST_VALUE can be used as a window\nfunction.\n \nReturns NULL if no last value exists.\n \nExamples\n-------- \nCREATE TABLE t1 (a int, b int);\nINSERT INTO t1 VALUES(1,10),(2,20);\nDELETE FROM t1 WHERE a=1 AND last_value(@a:=a,@b:=b,1);\nSELECT @a,@b;\n \n+------+------+\n| @a | @b |\n+------+------+\n| 1 | 10 |\n+------+------+\n \nAs a window function:\n \nCREATE TABLE t1 (\n pk int primary key,\n a int,\n b int,\n c char(10),\n d decimal(10, 3),\n e real\n);\n \nINSERT INTO t1 VALUES\n( 1, 0, 1, \'one\', 0.1, 0.001),\n( 2, 0, 2, \'two\', 0.2, 0.002),\n( 3, 0, 3, \'three\', 0.3, 0.003),\n( 4, 1, 2, \'three\', 0.4, 0.004),\n( 5, 1, 1, \'two\', 0.5, 0.005),\n( 6, 1, 1, \'one\', 0.6, 0.006),\n( 7, 2, NULL, \'n_one\', 0.5, 0.007),\n( 8, 2, 1, \'n_two\', NULL, 0.008),\n( 9, 2, 2, NULL, 0.7, 0.009),\n(10, 2, 0, \'n_four\', 0.8, 0.010),\n(11, 2, 10, NULL, 0.9, NULL);\n \nSELECT pk, FIRST_VALUE(pk) OVER (ORDER BY pk) AS first_asc,\n LAST_VALUE(pk) OVER (ORDER BY pk) AS last_asc,\n FIRST_VALUE(pk) OVER (ORDER BY pk DESC) AS first_desc,\n LAST_VALUE(pk) OVER (ORDER BY pk DESC) AS last_desc\nFROM t1\nORDER BY pk DESC;\n \n+----+-----------+----------+------------+-----------+\n| pk | first_asc | last_asc | first_desc | last_desc |\n+----+-----------+----------+------------+-----------+\n| 11 | 1 | 11 | 11 | 11 |\n| 10 | 1 | 10 | 11 | 10 |\n| 9 | 1 | 9 | 11 | 9 |\n| 8 | 1 | 8 | 11 | 8 |\n| 7 | 1 | 7 | 11 | 7 |\n| 6 | 1 | 6 | 11 | 6 |\n| 5 | 1 | 5 | 11 | 5 |\n| 4 | 1 | 4 | 11 | 4 |\n| 3 | 1 | 3 | 11 | 3 |\n| 2 | 1 | 2 | 11 | 2 |\n| 1 | 1 | 1 | 11 | 1 |\n+----+-----------+----------+------------+-----------+\n \nCREATE OR REPLACE TABLE t1 (i int);\nINSERT INTO t1 VALUES\n(1),(2),(3),(4),(5),(6),(7),(8),(9),(10);\n \nSELECT i,\n FIRST_VALUE(i) OVER (ORDER BY i ROWS BETWEEN CURRENT ROW\nand 1 FOLLOWING) AS f_1f,\n LAST_VALUE(i) OVER (ORDER BY i ROWS BETWEEN CURRENT ROW and\n1 FOLLOWING) AS l_1f,\n FIRST_VALUE(i) OVER (ORDER BY i ROWS BETWEEN 1 PRECEDING\nAND 1 FOLLOWING) AS f_1p1f,\n LAST_VALUE(i) OVER (ORDER BY i ROWS BETWEEN 1 PRECEDING AND\n1 FOLLOWING) AS f_1p1f,\n FIRST_VALUE(i) OVER (ORDER BY i ROWS BETWEEN 2 PRECEDING\nAND 1 PRECEDING) AS f_2p1p,\n LAST_VALUE(i) OVER (ORDER BY i ROWS BETWEEN 2 PRECEDING AND\n1 PRECEDING) AS f_2p1p,\n FIRST_VALUE(i) OVER (ORDER BY i ROWS BETWEEN 1 FOLLOWING\nAND 2 FOLLOWING) AS f_1f2f,\n LAST_VALUE(i) OVER (ORDER BY i ROWS BETWEEN 1 FOLLOWING AND\n2 FOLLOWING) AS f_1f2f\nFROM t1;\n \n+------+------+------+--------+--------+--------+--------+--------+--------+\n| i | f_1f | l_1f | f_1p1f | f_1p1f | f_2p1p | f_2p1p |\nf_1f2f | f_1f2f |\n+------+------+------+--------+--------+--------+--------+--------+--------+\n| 1 | 1 | 2 | 1 | 2 | NULL | NULL | 2 | 3 |\n| 2 | 2 | 3 | 1 | 3 | 1 | 1 | 3 | 4 |\n| 3 | 3 | 4 | 2 | 4 | 1 | 2 | 4 | 5 |\n| 4 | 4 | 5 | 3 | 5 | 2 | 3 | 5 | 6 |\n| 5 | 5 | 6 | 4 | 6 | 3 | 4 | 6 | 7 |\n| 6 | 6 | 7 | 5 | 7 | 4 | 5 | 7 | 8 |\n| 7 | 7 | 8 | 6 | 8 | 5 | 6 | 8 | 9 |\n| 8 | 8 | 9 | 7 | 9 | 6 | 7 | 9 | 10 |\n| 9 | 9 | 10 | 8 | 10 | 7 | 8 | 10 | 10 |\n| 10 | 10 | 10 | 9 | 10 | 8 | 9 | NULL | NULL |\n+------+------+------+--------+--------+--------+--------+--------+--------+\n \n\n\nURL: https://mariadb.com/kb/en/last_value/','','https://mariadb.com/kb/en/last_value/');
insert into help_topic (help_topic_id,help_category_id,name,description,example,url) values (214,17,'PROCEDURE ANALYSE','Syntax\n------ \nanalyse([max_elements[,max_memory]])\n \nDescription\n----------- \nThis procedure is defined in the sql/sql_analyse.cc file. It\nexamines\nthe result from a query and returns an analysis of the\nresults that\nsuggests optimal data types for each column. To obtain this\nanalysis,\nappend PROCEDURE ANALYSE to the end of a SELECT statement:\n \nSELECT ... FROM ... WHERE ... PROCEDURE\nANALYSE([max_elements,[max_memory]])\n \nFor example:\n \nSELECT col1, col2 FROM table1 PROCEDURE ANALYSE(10, 2000);\n \nThe results show some statistics for the values returned by\nthe query,\nand propose an optimal data type for the columns. This can\nbe helpful\nfor checking your existing tables, or after importing new\ndata. You\nmay need to try different settings for the arguments so that\nPROCEDURE\nANALYSE() does not suggest the ENUM data type when it is not\nappropriate.\n \nThe arguments are optional and are used as follows:\nmax_elements (default 256) is the maximum number of distinct\nvalues that analyse notices per column. This is used by\nanalyse to check whether the optimal data type should be of\ntype ENUM; if there are more than max_elements distinct\nvalues, then ENUM is not a suggested type.\nmax_memory (default 8192) is the maximum amount of memory\nthat analyse should allocate per column while trying to find\nall distinct values.\n \n\n\nURL: https://mariadb.com/kb/en/procedure-analyse/','','https://mariadb.com/kb/en/procedure-analyse/');
insert into help_topic (help_topic_id,help_category_id,name,description,example,url) values (215,17,'ROW_COUNT','Syntax\n------ \nROW_COUNT()\n \nDescription\n----------- \nROW_COUNT() returns the number of rows updated, inserted or\ndeleted\nby the preceding statement. This is the same as the row\ncount that the\nmysql client displays and the value from the\nmysql_affected_rows() C\nAPI function.\n \nGenerally:\nFor statements which return a result set (such as SELECT,\nSHOW, DESC or HELP), returns -1, even when the result set is\nempty. This is also true for administrative statements, such\nas OPTIMIZE.\nFor DML statements other than SELECT and for ALTER TABLE,\nreturns the number of affected rows.\nFor DDL statements (including TRUNCATE) and for other\nstatements which don\'t return any result set (such as USE,\nDO, SIGNAL or DEALLOCATE PREPARE), returns 0.\n \nFor UPDATE, affected rows is by default the number of rows\nthat were actually changed. If the CLIENT_FOUND_ROWS flag to\nmysql_real_connect() is specified when connecting to mysqld,\naffected rows is instead the number of rows matched by the\nWHERE clause. \n \nFor REPLACE, deleted rows are also counted. So, if REPLACE\ndeletes a row and adds a new row, ROW_COUNT() returns 2.\n \nFor INSERT ... ON DUPLICATE KEY, updated rows are counted\ntwice. So, if INSERT adds a new rows and modifies another\nrow, ROW_COUNT() returns 3.\n \nROW_COUNT() does not take into account rows that are not\ndirectly deleted/updated by the last statement. This means\nthat rows deleted by foreign keys or triggers are not\ncounted.\n \nWarning: You can use ROW_COUNT() with prepared statements,\nbut you need to call it after EXECUTE, not after DEALLOCATE\nPREPARE, because the row count for allocate prepare is\nalways 0.\n \nWarning: When used after a CALL statement, this function\nreturns the number of rows affected by the last statement in\nthe procedure, not by the whole procedure.\n \nWarning: After INSERT DELAYED, ROW_COUNT() returns the\nnumber of the rows you tried to insert, not the number of\nthe successful writes.\n \nThis information can also be found in the diagnostics area.\n \nStatements using the ROW_COUNT() function are not safe for\nreplication.\n \nExamples\n-------- \nCREATE TABLE t (A INT);\n \nINSERT INTO t VALUES(1),(2),(3);\n \nSELECT ROW_COUNT();\n+-------------+\n| ROW_COUNT() |\n+-------------+\n| 3 |\n+-------------+\n \nDELETE FROM t WHERE A IN(1,2);\n \nSELECT ROW_COUNT(); \n+-------------+\n| ROW_COUNT() |\n+-------------+\n| 2 |\n+-------------+\n \nExample with prepared statements:\n \nSET @q = \'INSERT INTO t VALUES(1),(2),(3);\';\n \nPREPARE stmt FROM @q;\n \nEXECUTE stmt;\n \nQuery OK, 3 rows affected (0.39 sec)\nRecords: 3 Duplicates: 0 Warnings: 0\n \nSELECT ROW_COUNT();\n+-------------+\n| ROW_COUNT() |\n+-------------+\n| 3 |\n+-------------+\n \n\n\nURL: https://mariadb.com/kb/en/row_count/','','https://mariadb.com/kb/en/row_count/');
insert into help_topic (help_topic_id,help_category_id,name,description,example,url) values (216,17,'SCHEMA','Syntax\n------ \nSCHEMA()\n \nDescription\n----------- \nThis function is a synonym for DATABASE().\n \n\n \n \n \n \n \n \n \n\nURL: https://mariadb.com/kb/en/schema/','','https://mariadb.com/kb/en/schema/');
insert into help_topic (help_topic_id,help_category_id,name,description,example,url) values (217,17,'SESSION_USER','Syntax\n------ \nSESSION_USER()\n \nDescription\n----------- \nSESSION_USER() is a synonym for USER().\n \n\n \n \n \n \n \n \n \n\nURL: https://mariadb.com/kb/en/session_user/','','https://mariadb.com/kb/en/session_user/');
insert into help_topic (help_topic_id,help_category_id,name,description,example,url) values (218,17,'SYSTEM_USER','Syntax\n------ \nSYSTEM_USER()\n \nDescription\n----------- \nSYSTEM_USER() is a synonym for USER().\n \n\n \n \n \n \n \n \n \n\nURL: https://mariadb.com/kb/en/system_user/','','https://mariadb.com/kb/en/system_user/');
insert into help_topic (help_topic_id,help_category_id,name,description,example,url) values (219,17,'USER','Syntax\n------ \nUSER()\n \nDescription\n----------- \nReturns the current MariaDB user name and host name, given\nwhen authenticating to MariaDB, as a string in the utf8\ncharacter set.\n \nNote that the value of USER() may differ from the value of\nCURRENT_USER(), which is the user used to authenticate the\ncurrent client. \nCURRENT_ROLE() returns the current active role.\n \nSYSTEM_USER() and SESSION_USER are synonyms for USER().\n \nStatements using the USER() function or one of its synonyms\nare not safe for statement level replication.\n \nExamples\n-------- \nshell> mysql --user=\"anonymous\"\n \nMariaDB [(none)]> select user(),current_user();\n+---------------------+----------------+\n| user() | current_user() |\n+---------------------+----------------+\n| anonymous@localhost | @localhost |\n+---------------------+----------------+\n \n\n\nURL: https://mariadb.com/kb/en/user/','','https://mariadb.com/kb/en/user/');
insert into help_topic (help_topic_id,help_category_id,name,description,example,url) values (220,17,'VERSION','Syntax\n------ \nVERSION()\n \nDescription\n----------- \nReturns a string that indicates the MariaDB server version.\nThe string\nuses the utf8 character set.\n \nExamples\n-------- \nSELECT VERSION();\n+----------------+\n| VERSION() |\n+----------------+\n| 10.4.7-MariaDB |\n+----------------+\n \nThe VERSION() string may have one or more of the following\nsuffixes:\n \nSuffix | Description | \n \n-embedded | The server is an embedded server (libmysqld). | \n \n-log | General logging, slow logging or binary (replication)\nlogging is enabled. | \n \n-debug | The server is compiled for debugging. | \n \n-valgrind | The server is compiled to be instrumented with\nvalgrind. | \n \nChanging the Version String\n \nSome old legacy code may break because they are parsing the\nVERSION string and expecting a MySQL string or a simple\nversion\nstring like Joomla til API17, see MDEV-7780.\n \nFrom MariaDB 10.2, one can fool these applications by\nsetting the version string from the command line or the\nmy.cnf files with --version=....\n \n\n \n \n \n \n \n \n \n\nURL: https://mariadb.com/kb/en/version/','','https://mariadb.com/kb/en/version/');
insert into help_topic (help_topic_id,help_category_id,name,description,example,url) values (221,18,'Not Equal Operator','Syntax\n------ \n, !=\n \nDescription\n----------- \nNot equal operator. Evaluates both SQL expressions and\nreturns 1 if they are not equal and 0 if they are equal, or\nNULL if either expression is NULL. If the expressions return\ndifferent data types, (for instance, a number and a string),\nperforms type conversion.\n \nWhen used in row comparisons these two queries return the\nsame results:\n \nSELECT (t1.a, t1.b) != (t2.x, t2.y) \nFROM t1 INNER JOIN t2;\n \nSELECT (t1.a != t2.x) OR (t1.b != t2.y)\nFROM t1 INNER JOIN t2;\n \nExamples\n-------- \nSELECT \'.01\'  \'0.01\';\n \n+-----------------+\n| \'.01\'  \'0.01\' |\n+-----------------+\n| 1 |\n+-----------------+\n \nSELECT .01  \'0.01\';\n \n+---------------+\n| .01  \'0.01\' |\n+---------------+\n| 0 |\n+---------------+\n \nSELECT \'zapp\'  \'zappp\';\n \n+-------------------+\n| \'zapp\'  \'zappp\' |\n+-------------------+\n| 1 |\n+-------------------+\n \n\n \n \n \n \n \n \n \n\nURL: https://mariadb.com/kb/en/not-equal/','','https://mariadb.com/kb/en/not-equal/');
insert into help_topic (help_topic_id,help_category_id,name,description,example,url) values (222,18,'&lt;','Syntax\n------ \n\n\nURL: https://mariadb.com/kb/en/less-than/','','https://mariadb.com/kb/en/less-than/');
insert into help_topic (help_topic_id,help_category_id,name,description,example,url) values (223,18,'&lt;=','Syntax\n------ \n\n\nURL: https://mariadb.com/kb/en/less-than-or-equal/','','https://mariadb.com/kb/en/less-than-or-equal/');
insert into help_topic (help_topic_id,help_category_id,name,description,example,url) values (224,18,'&lt;=&gt;','Syntax\n------ \n\n \nDescription\n----------- \nNULL-safe equal operator. It performs an equality comparison\nlike\nthe = operator, but returns 1 rather than NULL if both\noperands are\nNULL, and 0 rather than NULL if one operand is NULL.\n \na  b is equivalent to a = b OR (a IS NULL AND b IS NULL).\n \nWhen used in row comparisons these two queries return the\nsame results:\n \nSELECT (t1.a, t1.b)  (t2.x, t2.y) \nFROM t1 INNER JOIN t2;\n \nSELECT (t1.a  t2.x) AND (t1.b  t2.y)\nFROM t1 INNER JOIN t2;\n \nSee also NULL Values in MariaDB.\n \nExamples\n-------- \nSELECT 1  1, NULL  NULL, 1  NULL;\n \n+---------+---------------+------------+\n| 1  1 | NULL  NULL | 1  NULL |\n+---------+---------------+------------+\n| 1 | 1 | 0 |\n+---------+---------------+------------+\n \nSELECT 1 = 1, NULL = NULL, 1 = NULL;\n \n+-------+-------------+----------+\n| 1 = 1 | NULL = NULL | 1 = NULL |\n+-------+-------------+----------+\n| 1 | NULL | NULL |\n+-------+-------------+----------+\n \n\n \n \n \n \n \n \n \n\nURL: https://mariadb.com/kb/en/null-safe-equal/','','https://mariadb.com/kb/en/null-safe-equal/');
insert into help_topic (help_topic_id,help_category_id,name,description,example,url) values (225,18,'=','Syntax\n------ \nleft_expr = right_expr\n \nDescription\n----------- \nEqual operator. Evaluates both SQL expressions and returns 1\nif they are equal, 0 if they are not equal, or NULL if\neither expression is NULL. If the expressions return\ndifferent data types (for example, a number and a string), a\ntype conversion is performed.\n \nWhen used in row comparisons these two queries are\nsynonymous and return the same results:\n \nSELECT (t1.a, t1.b) = (t2.x, t2.y) FROM t1 INNER JOIN t2;\n \nSELECT (t1.a = t2.x) AND (t1.b = t2.y) FROM t1 INNER JOIN\nt2;\n \nTo perform a NULL-safe comparison, use the  operator.\n \n= can also be used as an assignment operator.\n \nExamples\n-------- \nSELECT 1 = 0;\n \n+-------+\n| 1 = 0 |\n+-------+\n| 0 |\n+-------+\n \nSELECT \'0\' = 0;\n \n+---------+\n| \'0\' = 0 |\n+---------+\n| 1 |\n+---------+\n \nSELECT \'0.0\' = 0;\n \n+-----------+\n| \'0.0\' = 0 |\n+-----------+\n| 1 |\n+-----------+\n \nSELECT \'0.01\' = 0;\n \n+------------+\n| \'0.01\' = 0 |\n+------------+\n| 0 |\n+------------+\n \nSELECT \'.01\' = 0.01;\n \n+--------------+\n| \'.01\' = 0.01 |\n+--------------+\n| 1 |\n+--------------+\n \nSELECT (5 * 2) = CONCAT(\'1\', \'0\');\n+----------------------------+\n| (5 * 2) = CONCAT(\'1\', \'0\') |\n+----------------------------+\n| 1 |\n+----------------------------+\n \nSELECT 1 = NULL;\n \n+----------+\n| 1 = NULL |\n+----------+\n| NULL |\n+----------+\n \nSELECT NULL = NULL;\n \n+-------------+\n| NULL = NULL |\n+-------------+\n| NULL |\n+-------------+\n \n\n \n \n \n \n \n \n \n\nURL: https://mariadb.com/kb/en/equal/','','https://mariadb.com/kb/en/equal/');
insert into help_topic (help_topic_id,help_category_id,name,description,example,url) values (226,18,'&gt;','Syntax\n------ \n>\n \nDescription\n----------- \nGreater than operator. Evaluates both SQL expressions and\nreturns 1 if the left value is greater than the right value\nand 0 if it is not, or NULL if either expression is NULL. If\nthe expressions return different data types, (for instance,\na number and a string), performs type conversion.\n \nWhen used in row comparisons these two queries return the\nsame results:\n \nSELECT (t1.a, t1.b) > (t2.x, t2.y) \nFROM t1 INNER JOIN t2;\n \nSELECT (t1.a > t2.x) OR ((t1.a = t2.x) AND (t1.b > t2.y))\nFROM t1 INNER JOIN t2;\n \nExamples\n-------- \nSELECT 2 > 2;\n \n+-------+\n| 2 > 2 |\n+-------+\n| 0 |\n+-------+\n \nSELECT \'b\' > \'a\';\n \n+-----------+\n| \'b\' > \'a\' |\n+-----------+\n| 1 |\n+-----------+\n \n\n \n \n \n \n \n \n \n\nURL: https://mariadb.com/kb/en/greater-than/','','https://mariadb.com/kb/en/greater-than/');
insert into help_topic (help_topic_id,help_category_id,name,description,example,url) values (227,18,'&gt;=','Syntax\n------ \n>=\n \nDescription\n----------- \nGreater than or equal operator. Evaluates both SQL\nexpressions and returns 1 if the left value is greater than\nor equal to the right value and 0 if it is not, or NULL if\neither expression is NULL. If the expressions return\ndifferent data types, (for instance, a number and a string),\nperforms type conversion.\n \nWhen used in row comparisons these two queries return the\nsame results:\n \nSELECT (t1.a, t1.b) >= (t2.x, t2.y) \nFROM t1 INNER JOIN t2;\n \nSELECT (t1.a > t2.x) OR ((t1.a = t2.x) AND (t1.b >= t2.y))\nFROM t1 INNER JOIN t2;\n \nExamples\n-------- \nSELECT 2 >= 2;\n \n+--------+\n| 2 >= 2 |\n+--------+\n| 1 |\n+--------+\n \nSELECT \'A\' >= \'a\';\n \n+------------+\n| \'A\' >= \'a\' |\n+------------+\n| 1 |\n+------------+\n \n\n \n \n \n \n \n \n \n\nURL: https://mariadb.com/kb/en/greater-than-or-equal/','','https://mariadb.com/kb/en/greater-than-or-equal/');
insert into help_topic (help_topic_id,help_category_id,name,description,example,url) values (228,18,'BETWEEN AND','Syntax\n------ \nexpr BETWEEN min AND max\n \nDescription\n----------- \nIf expr is greater than or equal to min and expr is less\nthan or equal\nto max, BETWEEN returns 1, otherwise it returns 0. This is\nequivalent\nto the expression (min \n\nURL: https://mariadb.com/kb/en/between-and/','','https://mariadb.com/kb/en/between-and/');
insert into help_topic (help_topic_id,help_category_id,name,description,example,url) values (229,18,'COALESCE','Syntax\n------ \nCOALESCE(value,...)\n \nDescription\n----------- \nReturns the first non-NULL value in the list, or NULL if\nthere are no\nnon-NULL values. At least one parameter must be passed.\n \nSee also NULL Values in MariaDB.\n \nExamples\n-------- \nSELECT COALESCE(NULL,1);\n+------------------+\n| COALESCE(NULL,1) |\n+------------------+\n| 1 |\n+------------------+\n \nSELECT COALESCE(NULL,NULL,NULL);\n+--------------------------+\n| COALESCE(NULL,NULL,NULL) |\n+--------------------------+\n| NULL |\n+--------------------------+\n \nWhen two arguments are given, COALESCE() is the same as\nIFNULL():\n \nSET @a=NULL, @b=1;\n \nSELECT COALESCE(@a, @b), IFNULL(@a, @b);\n+------------------+----------------+\n| COALESCE(@a, @b) | IFNULL(@a, @b) |\n+------------------+----------------+\n| 1 | 1 |\n+------------------+----------------+\n \nHex type confusion:\n \nCREATE TABLE t1 (a INT, b VARCHAR(10));\nINSERT INTO t1 VALUES (0x31, 0x61),(COALESCE(0x31),\nCOALESCE(0x61));\n \nSELECT * FROM t1;\n \n+------+------+\n| a | b |\n+------+------+\n| 49 | a |\n| 1 | a |\n+------+------+\n \nThe reason for the differing results above is that when 0x31\nis inserted directly to the column, it\'s treated as a\nnumber (see Hexadecimal Literals), while when 0x31 is passed\nto COALESCE(), it\'s treated as a string, because:\nHEX values have a string data type by default.\nCOALESCE() has the same data type as the argument. \n \n\n\nURL: https://mariadb.com/kb/en/coalesce/','','https://mariadb.com/kb/en/coalesce/');
insert into help_topic (help_topic_id,help_category_id,name,description,example,url) values (230,18,'GREATEST','Syntax\n------ \nGREATEST(value1,value2,...)\n \nDescription\n----------- \nWith two or more arguments, returns the largest\n(maximum-valued)\nargument. The arguments are compared using the same rules as\nfor\nLEAST().\n \nExamples\n-------- \nSELECT GREATEST(2,0);\n+---------------+\n| GREATEST(2,0) |\n+---------------+\n| 2 |\n+---------------+\n \nSELECT GREATEST(34.0,3.0,5.0,767.0);\n+------------------------------+\n| GREATEST(34.0,3.0,5.0,767.0) |\n+------------------------------+\n| 767.0 |\n+------------------------------+\n \nSELECT GREATEST(\'B\',\'A\',\'C\');\n+-----------------------+\n| GREATEST(\'B\',\'A\',\'C\') |\n+-----------------------+\n| C |\n+-----------------------+\n \n\n \n \n \n \n \n \n \n\nURL: https://mariadb.com/kb/en/greatest/','','https://mariadb.com/kb/en/greatest/');
insert into help_topic (help_topic_id,help_category_id,name,description,example,url) values (231,18,'IN','Syntax\n------ \nexpr IN (value,...)\n \nDescription\n----------- \nReturns 1 if expr is equal to any of the values in the IN\nlist, else\nreturns 0. If all values are constants, they are evaluated\naccording\nto the type of expr and sorted. The search for the item then\nis done\nusing a binary search. This means IN is very quick if the IN\nvalue\nlist consists entirely of constants. Otherwise, type\nconversion takes\nplace according to the rules described at Type Conversion,\nbut\napplied to all the arguments.\n \nIf expr is NULL, IN always returns NULL. If at least one of\nthe values in the list is NULL, and one of the comparisons\nis true, the result is 1. If at least one of the values in\nthe list is NULL and none of the comparisons is true, the\nresult is NULL.\n \nExamples\n-------- \nSELECT 2 IN (0,3,5,7);\n+----------------+\n| 2 IN (0,3,5,7) |\n+----------------+\n| 0 |\n+----------------+\n \nSELECT \'wefwf\' IN (\'wee\',\'wefwf\',\'weg\');\n+----------------------------------+\n| \'wefwf\' IN (\'wee\',\'wefwf\',\'weg\') |\n+----------------------------------+\n| 1 |\n+----------------------------------+ \n \nType conversion:\n \nSELECT 1 IN (\'1\', \'2\', \'3\');\n+----------------------+\n| 1 IN (\'1\', \'2\', \'3\') |\n+----------------------+\n| 1 |\n+----------------------+\n \nSELECT NULL IN (1, 2, 3);\n+-------------------+\n| NULL IN (1, 2, 3) |\n+-------------------+\n| NULL |\n+-------------------+\n \nMariaDB [(none)]> SELECT 1 IN (1, 2, NULL);\n+-------------------+\n| 1 IN (1, 2, NULL) |\n+-------------------+\n| 1 |\n+-------------------+\n \nMariaDB [(none)]> SELECT 5 IN (1, 2, NULL);\n+-------------------+\n| 5 IN (1, 2, NULL) |\n+-------------------+\n| NULL |\n+-------------------+\n \n\n \n \n \n \n \n \n \n\nURL: https://mariadb.com/kb/en/in/','','https://mariadb.com/kb/en/in/');
insert into help_topic (help_topic_id,help_category_id,name,description,example,url) values (232,18,'INTERVAL','Syntax\n------ \nINTERVAL(N,N1,N2,N3,...)\n \nDescription\n----------- \nReturns the index of the last argument that is less than the\nfirst argument or is NULL. \n \nReturns 0 if N < N1, 1 if N < N2, 2 if N < N3 and so on or\n-1 if N is NULL. All\narguments are treated as integers. It is required that N1 <\nN2 < N3 \n\nURL: https://mariadb.com/kb/en/interval/','','https://mariadb.com/kb/en/interval/');
insert into help_topic (help_topic_id,help_category_id,name,description,example,url) values (233,18,'IS','Syntax\n------ \nIS boolean_value\n \nDescription\n----------- \nTests a value against a boolean value, where boolean_value\ncan be\nTRUE, FALSE, or UNKNOWN.\n \nThere is an important difference between using IS TRUE or\ncomparing a value with TRUE using =. When using =, only 1\nequals to TRUE. But when using IS TRUE, all values which are\nlogically true (like a number > 1) return TRUE.\n \nExamples\n-------- \nSELECT 1 IS TRUE, 0 IS FALSE, NULL IS UNKNOWN;\n+-----------+------------+-----------------+\n| 1 IS TRUE | 0 IS FALSE | NULL IS UNKNOWN |\n+-----------+------------+-----------------+\n| 1 | 1 | 1 |\n+-----------+------------+-----------------+\n \nDifference between = and IS TRUE:\n \nSELECT 2 = TRUE, 2 IS TRUE;\n+----------+-----------+\n| 2 = TRUE | 2 IS TRUE |\n+----------+-----------+\n| 0 | 1 |\n+----------+-----------+\n \n\n\nURL: https://mariadb.com/kb/en/is/','','https://mariadb.com/kb/en/is/');
insert into help_topic (help_topic_id,help_category_id,name,description,example,url) values (234,18,'IS NOT','Syntax\n------ \nIS NOT boolean_value\n \nDescription\n----------- \nTests a value against a boolean value, where boolean_value\ncan be\nTRUE, FALSE, or UNKNOWN. \n \nExamples\n-------- \nSELECT 1 IS NOT UNKNOWN, 0 IS NOT UNKNOWN, NULL IS NOT\nUNKNOWN;\n+------------------+------------------+---------------------+\n| 1 IS NOT UNKNOWN | 0 IS NOT UNKNOWN | NULL IS NOT UNKNOWN\n|\n+------------------+------------------+---------------------+\n| 1 | 1 | 0 |\n+------------------+------------------+---------------------+\n \nSELECT NULL IS NOT TRUE, NULL IS NOT FALSE;\n+------------------+-------------------+\n| NULL IS NOT TRUE | NULL IS NOT FALSE |\n+------------------+-------------------+\n| 1 | 1 |\n+------------------+-------------------+\n \n\n \n \n \n \n \n \n \n\nURL: https://mariadb.com/kb/en/is-not/','','https://mariadb.com/kb/en/is-not/');
insert into help_topic (help_topic_id,help_category_id,name,description,example,url) values (235,18,'IS NOT NULL','Syntax\n------ \nIS NOT NULL\n \nDescription\n----------- \nTests whether a value is not NULL. See also NULL Values in\nMariaDB.\n \nExamples\n-------- \nSELECT 1 IS NOT NULL, 0 IS NOT NULL, NULL IS NOT NULL;\n+---------------+---------------+------------------+\n| 1 IS NOT NULL | 0 IS NOT NULL | NULL IS NOT NULL |\n+---------------+---------------+------------------+\n| 1 | 1 | 0 |\n+---------------+---------------+------------------+\n \n\n\nURL: https://mariadb.com/kb/en/is-not-null/','','https://mariadb.com/kb/en/is-not-null/');
insert into help_topic (help_topic_id,help_category_id,name,description,example,url) values (236,18,'IS NULL','Syntax\n------ \nIS NULL\n \nDescription\n----------- \nTests whether a value is NULL. See also NULL Values in\nMariaDB.\n \nExamples\n-------- \nSELECT 1 IS NULL, 0 IS NULL, NULL IS NULL;\n+-----------+-----------+--------------+\n| 1 IS NULL | 0 IS NULL | NULL IS NULL |\n+-----------+-----------+--------------+\n| 0 | 0 | 1 |\n+-----------+-----------+--------------+\n \nCompatibility\n \nSome ODBC applications use the syntax auto_increment_field\nIS NOT NULL to find the latest row that was inserted with an\nautogenerated key value. If your applications need this, you\ncan set the sql_auto_is_null variable to 1.\n \nSET @@sql_auto_is_null=1;\nCREATE TABLE t1 (auto_increment_column INT NOT NULL\nAUTO_INCREMENT PRIMARY KEY);\nINSERT INTO t1 VALUES (NULL);\nSELECT * FROM t1 WHERE auto_increment_column IS NULL;\n \n+-----------------------+\n| auto_increment_column |\n+-----------------------+\n| 1 |\n+-----------------------+\n \n\n\nURL: https://mariadb.com/kb/en/is-null/','','https://mariadb.com/kb/en/is-null/');
insert into help_topic (help_topic_id,help_category_id,name,description,example,url) values (237,18,'ISNULL','Syntax\n------ \nISNULL(expr)\n \nDescription\n----------- \nIf expr is NULL, ISNULL() returns 1, otherwise it returns 0.\n \nSee also NULL Values in MariaDB.\n \nExamples\n-------- \nSELECT ISNULL(1+1);\n+-------------+\n| ISNULL(1+1) |\n+-------------+\n| 0 |\n+-------------+\n \nSELECT ISNULL(1/0);\n+-------------+\n| ISNULL(1/0) |\n+-------------+\n| 1 |\n+-------------+\n \n\n \n \n \n \n \n \n \n\nURL: https://mariadb.com/kb/en/isnull/','','https://mariadb.com/kb/en/isnull/');
insert into help_topic (help_topic_id,help_category_id,name,description,example,url) values (238,18,'LEAST','Syntax\n------ \nLEAST(value1,value2,...)\n \nDescription\n----------- \nWith two or more arguments, returns the smallest\n(minimum-valued)\nargument. The arguments are compared using the following\nrules:\nIf the return value is used in an INTEGER context or all\narguments are integer-valued, they are compared as integers.\nIf the return value is used in a REAL context or all\narguments are real-valued, they are compared as reals.\nIf any argument is a case-sensitive string, the arguments\nare compared as case-sensitive strings.\nIn all other cases, the arguments are compared as\ncase-insensitive strings.\n \nLEAST() returns NULL if any argument is NULL.\n \nExamples\n-------- \nSELECT LEAST(2,0);\n+------------+\n| LEAST(2,0) |\n+------------+\n| 0 |\n+------------+\n \nSELECT LEAST(34.0,3.0,5.0,767.0);\n+---------------------------+\n| LEAST(34.0,3.0,5.0,767.0) |\n+---------------------------+\n| 3.0 |\n+---------------------------+\n \nSELECT LEAST(\'B\',\'A\',\'C\');\n+--------------------+\n| LEAST(\'B\',\'A\',\'C\') |\n+--------------------+\n| A |\n+--------------------+\n \n\n \n \n \n \n \n \n \n\nURL: https://mariadb.com/kb/en/least/','','https://mariadb.com/kb/en/least/');
insert into help_topic (help_topic_id,help_category_id,name,description,example,url) values (239,18,'NOT BETWEEN','Syntax\n------ \nexpr NOT BETWEEN min AND max\n \nDescription\n----------- \nThis is the same as NOT (expr BETWEEN min AND max).\n \nNote that the meaning of the alternative form NOT expr\nBETWEEN min AND max is affected by the HIGH_NOT_PRECEDENCE\nSQL_MODE flag.\n \nExamples\n-------- \nSELECT 1 NOT BETWEEN 2 AND 3;\n+-----------------------+\n| 1 NOT BETWEEN 2 AND 3 |\n+-----------------------+\n| 1 |\n+-----------------------+\n \nSELECT \'b\' NOT BETWEEN \'a\' AND \'c\';\n+-----------------------------+\n| \'b\' NOT BETWEEN \'a\' AND \'c\' |\n+-----------------------------+\n| 0 |\n+-----------------------------+\n \nNULL:\n \nSELECT 1 NOT BETWEEN 1 AND NULL;\n+--------------------------+\n| 1 NOT BETWEEN 1 AND NULL |\n+--------------------------+\n| NULL |\n+--------------------------+\n \n\n \n \n \n \n \n \n \n\nURL: https://mariadb.com/kb/en/not-between/','','https://mariadb.com/kb/en/not-between/');
insert into help_topic (help_topic_id,help_category_id,name,description,example,url) values (240,18,'NOT IN','Syntax\n------ \nexpr NOT IN (value,...)\n \nDescription\n----------- \nThis is the same as NOT (expr IN (value,...)).\n \nExamples\n-------- \nSELECT 2 NOT IN (0,3,5,7);\n+--------------------+\n| 2 NOT IN (0,3,5,7) |\n+--------------------+\n| 1 |\n+--------------------+\n \nSELECT \'wefwf\' NOT IN (\'wee\',\'wefwf\',\'weg\');\n+--------------------------------------+\n| \'wefwf\' NOT IN (\'wee\',\'wefwf\',\'weg\') |\n+--------------------------------------+\n| 0 |\n+--------------------------------------+\n \nSELECT 1 NOT IN (\'1\', \'2\', \'3\');\n+--------------------------+\n| 1 NOT IN (\'1\', \'2\', \'3\') |\n+--------------------------+\n| 0 |\n+--------------------------+\n \nNULL:\n \nSELECT NULL NOT IN (1, 2, 3);\n+-----------------------+\n| NULL NOT IN (1, 2, 3) |\n+-----------------------+\n| NULL |\n+-----------------------+\n \nSELECT 1 NOT IN (1, 2, NULL);\n+-----------------------+\n| 1 NOT IN (1, 2, NULL) |\n+-----------------------+\n| 0 |\n+-----------------------+\n \nSELECT 5 NOT IN (1, 2, NULL);\n+-----------------------+\n| 5 NOT IN (1, 2, NULL) |\n+-----------------------+\n| NULL |\n+-----------------------+\n \n\n \n \n \n \n \n \n \n\nURL: https://mariadb.com/kb/en/not-in/','','https://mariadb.com/kb/en/not-in/');
insert into help_topic (help_topic_id,help_category_id,name,description,example,url) values (241,19,'Operator Precedence','The precedence is the order in which the SQL operators are\nevaluated.\n \nThe following list shows the SQL operator precedence.\nOperators that appear first in the list have a higher\nprecedence. Operators which are listed together have the\nsame precedence.\nINTERVAL\nBINARY, COLLATE\n!\n- (unary minus), [[bitwise-not|]] (unary bit inversion)\n|| (string concatenation)\n^\n*, /, DIV, %, MOD\n-, +\n \n&\n|\n= (comparison), , >=, >, \n\nURL: https://mariadb.com/kb/en/operator-precedence/','','https://mariadb.com/kb/en/operator-precedence/');
insert into help_topic (help_topic_id,help_category_id,name,description,example,url) values (242,19,'&amp;','Syntax\n------ \n&\n \nDescription\n----------- \nBitwise AND. Converts the values to binary and compares\nbits. Only if both the corresponding bits are 1 is the\nresulting bit also 1.\n \nSee also bitwise OR.\n \nExamples\n-------- \nSELECT 2&1;\n+-----+\n| 2&1 |\n+-----+\n| 0 |\n+-----+\n \nSELECT 3&1;\n+-----+\n| 3&1 |\n+-----+\n| 1 |\n+-----+\n \nSELECT 29 & 15;\n+---------+\n| 29 & 15 |\n+---------+\n| 13 |\n+---------+\n \n\n \n \n \n \n \n \n \n\nURL: https://mariadb.com/kb/en/bitwise_and/','','https://mariadb.com/kb/en/bitwise_and/');
insert into help_topic (help_topic_id,help_category_id,name,description,example,url) values (243,19,'&lt;&lt;','Syntax\n------ \nvalue1 \n\nURL: https://mariadb.com/kb/en/shift-left/','','https://mariadb.com/kb/en/shift-left/');
insert into help_topic (help_topic_id,help_category_id,name,description,example,url) values (244,19